#
# There is insufficient memory for the Java Runtime Environment to continue.
# Native memory allocation (malloc) failed to allocate 1021136 bytes for Chunk::new
# Possible reasons:
#   The system is out of physical RAM or swap space
#   The process is running with CompressedOops enabled, and the Java Heap may be blocking the growth of the native heap
# Possible solutions:
#   Reduce memory load on the system
#   Increase physical memory or swap space
#   Check if swap backing store is full
#   Decrease Java heap size (-Xmx/-Xms)
#   Decrease number of Java threads
#   Decrease Java thread stack sizes (-Xss)
#   Set larger code cache with -XX:ReservedCodeCacheSize=
#   JVM is running with Unscaled Compressed Oops mode in which the Java heap is
#     placed in the first 4GB address space. The Java Heap base address is the
#     maximum limit for the native heap growth. Please use -XX:HeapBaseMinAddress
#     to set the Java Heap base and to place the Java Heap above 4GB virtual address.
# This output file may be truncated or incomplete.
#
#  Out of Memory Error (arena.cpp:166), pid=20372, tid=20468
#
# JRE version: OpenJDK Runtime Environment (21.0+35) (build 21+35-2513)
# Java VM: OpenJDK 64-Bit Server VM (21+35-2513, mixed mode, sharing, tiered, compressed oops, compressed class ptrs, parallel gc, windows-amd64)
# No core dump will be written. Minidumps are not enabled by default on client versions of Windows
#

---------------  S U M M A R Y ------------

Command Line: --add-modules=ALL-SYSTEM --add-opens=java.base/java.util=ALL-UNNAMED --add-opens=java.base/java.lang=ALL-UNNAMED --add-opens=java.base/sun.nio.fs=ALL-UNNAMED -Declipse.application=org.eclipse.jdt.ls.core.id1 -Dosgi.bundles.defaultStartLevel=4 -Declipse.product=org.eclipse.jdt.ls.core.product -Djava.import.generatesMetadataFilesAtProjectRoot=false -Dm2e.project.cache.size=50 -DDetectVMInstallationsJob.disabled=true -Dfile.encoding=utf8 -XX:+UseParallelGC -XX:GCTimeRatio=4 -XX:AdaptiveSizePolicyWeight=90 -Dsun.zip.disableMemoryMapping=true -Xmx2G -Xms100m -Xlog:disable -javaagent:c:\Users\kmdadoo\.vscode\extensions\redhat.java-1.56.0-win32-x64\lombok\lombok-1.18.39-4050.jar -XX:+HeapDumpOnOutOfMemoryError -XX:HeapDumpPath=c:\Users\kmdadoo\AppData\Roaming\Code\User\workspaceStorage\256d255e4daee0fba163b42d47ce564a\redhat.java -Daether.dependencyCollector.impl=bf c:\Users\kmdadoo\.vscode\extensions\redhat.java-1.56.0-win32-x64\server\plugins\org.eclipse.equinox.launcher_1.8.0.v20260804-1928.jar -configuration c:\Users\kmdadoo\AppData\Roaming\Code\User\globalStorage\redhat.java\1.56.0\config_win -data c:\Users\kmdadoo\AppData\Roaming\Code\User\workspaceStorage\256d255e4daee0fba163b42d47ce564a\redhat.java\jdt_ws --stdio

Host: 11th Gen Intel(R) Core(TM) i5-1135G7 @ 2.40GHz, 8 cores, 15G,  Windows 11 , 64 bit Build 26100 (10.0.26100.9168)
Time: Wed Sep  9 11:03:48 2026  Windows 11 , 64 bit Build 26100 (10.0.26100.9168) elapsed time: 251.643050 seconds (0d 0h 4m 11s)

---------------  T H R E A D  ---------------

Current thread (0x00000193afca60e0):  JavaThread "C2 CompilerThread0" daemon [_thread_in_native, id=20468, stack(0x0000006487a00000,0x0000006487b00000) (1024K)]


Current CompileTask:
C2: 251643 17284   !   4       org.eclipse.osgi.internal.loader.BundleLoader::findClass0 (490 bytes)

Stack: [0x0000006487a00000,0x0000006487b00000]
Native frames: (J=compiled Java code, j=interpreted, Vv=VM code, C=native code)
V  [jvm.dll+0x6c8d39]
V  [jvm.dll+0x854091]
V  [jvm.dll+0x85630e]
V  [jvm.dll+0x8569e3]
V  [jvm.dll+0x2809a6]
V  [jvm.dll+0xc3e6d]
V  [jvm.dll+0xc4383]
V  [jvm.dll+0x2f3cbf]
V  [jvm.dll+0x5f3e46]
V  [jvm.dll+0x25291f]
V  [jvm.dll+0x252cef]
V  [jvm.dll+0x24b464]
V  [jvm.dll+0x248cd3]
V  [jvm.dll+0x1c9b91]
V  [jvm.dll+0x2583e9]
V  [jvm.dll+0x2569ca]
V  [jvm.dll+0x3eef66]
V  [jvm.dll+0x7fd2c8]
V  [jvm.dll+0x6c748d]
C  [ucrtbase.dll+0x2cd30]
C  [KERNEL32.DLL+0x2ccb7]
C  [ntdll.dll+0xaad6c]


---------------  P R O C E S S  ---------------

Threads class SMR info:
_java_thread_list=0x00000194148bcda0, length=586, elements={
0x00000193ad9566e0, 0x00000193afc938f0, 0x00000193afc97ac0, 0x00000193afc9e110,
0x00000193afc9f4c0, 0x00000193afc9d3f0, 0x00000193afc9fb50, 0x00000193afca60e0,
0x000001940e2f9140, 0x00000193afc9c6d0, 0x00000193afc9e7a0, 0x00000193afc9da80,
0x00000193afc9ee30, 0x00000193afc9cd60, 0x0000019413069e70, 0x00000194130697e0,
0x0000019413067da0, 0x0000019413068ac0, 0x0000019413069150, 0x0000019413068430,
0x000001941306d2f0, 0x000001941306bf40, 0x000001941306c5d0, 0x000001941306cc60,
0x000001941306b220, 0x000001941306d980, 0x000001941306b8b0, 0x0000019414ac4df0,
0x0000019414ac4760, 0x0000019414ac7be0, 0x0000019414ac61a0, 0x0000019414aca340,
0x0000019414ac5b10, 0x0000019414ac8900, 0x0000019414ac5480, 0x0000019414ac9cb0,
0x0000019414ac6ec0, 0x0000019414ac8f90, 0x0000019414ac7550, 0x0000019414acbd80,
0x0000019414acb060, 0x0000019414acb6f0, 0x0000019414ff4900, 0x0000019414ff3be0,
0x0000019414ff4270, 0x0000019414ff1b10, 0x0000019414ff1480, 0x0000019414ff2ec0,
0x0000019414ff3550, 0x0000019414ff4f90, 0x0000019414ff7060, 0x0000019414ff8410,
0x000001941478d270, 0x000001941478bec0, 0x000001941478c550, 0x00000194147890d0,
0x000001941478cbe0, 0x000001941478b1a0, 0x000001941478df90, 0x000001941478d900,
0x000001941478ab10, 0x000001941478e620, 0x000001941478f9d0, 0x000001941478ecb0,
0x0000019414790060, 0x00000194147906f0, 0x0000019414ff7d80, 0x0000019414ff76f0,
0x0000019414ff5620, 0x0000019414ff5cb0, 0x0000019413067710, 0x0000019414ff8aa0,
0x0000019417d92c20, 0x0000019417d93fd0, 0x0000019417d91f00, 0x0000019417d90b50,
0x0000019417d92590, 0x0000019417d94660, 0x0000019417d94cf0, 0x0000019417d91870,
0x0000019417d97450, 0x0000019417d95a10, 0x0000019417d96dc0, 0x0000019417d97ae0,
0x0000019417d960a0, 0x0000019417d98170, 0x00000194183d1980, 0x00000194183d3a50,
0x00000194183d33c0, 0x00000194183d0c60, 0x00000194183d4770, 0x00000194183d40e0,
0x00000194183d4e00, 0x00000194183d12f0, 0x00000194183d2010, 0x00000194183d6840,
0x00000194183d61b0, 0x00000194183d6ed0, 0x00000194183d7560, 0x00000194183d5b20,
0x00000194183d8280, 0x0000019417b04030, 0x0000019417b053e0, 0x0000019417b04d50,
0x0000019417b03310, 0x0000019417b02c80, 0x0000019417b05a70, 0x0000019417b06100,
0x0000019417b06790, 0x0000019417b046c0, 0x0000019417b039a0, 0x0000019417b074b0,
0x0000019417b01f60, 0x0000019417b025f0, 0x0000019417b06e20, 0x0000019417b08860,
0x0000019417b07b40, 0x0000019417d96730, 0x0000019417d28ba0, 0x0000019417d2ac70,
0x0000019417d27160, 0x0000019417d29f50, 0x0000019417d277f0, 0x0000019417d29230,
0x0000019417d27e80, 0x0000019417d2c020, 0x0000019417d2b990, 0x0000019417d2cd40,
0x0000019417d28510, 0x0000019417d2c6b0, 0x0000019417d2da60, 0x0000019417b09580,
0x0000019417d2e780, 0x0000019414aca9d0, 0x0000019414fd6fd0, 0x0000019414fd4f00,
0x0000019414fd62b0, 0x0000019414fd5c20, 0x0000019414fd7cf0, 0x0000019414fd8380,
0x0000019414fd4870, 0x0000019414fda450, 0x0000019414fd5590, 0x0000019414fd7660,
0x0000019414fdaae0, 0x0000019414fdb800, 0x0000019414fdb170, 0x0000019414fdc520,
0x0000019414fdbe90, 0x0000019414fd8a10, 0x0000019414fd90a0, 0x0000019414fd9730,
0x0000019414fdcbb0, 0x0000019414fde5f0, 0x0000019414fdec80, 0x0000019414fddf60,
0x0000019414fdd240, 0x0000019414fdd8d0, 0x0000019414fd9dc0, 0x0000019414fdf9a0,
0x0000019414fe06c0, 0x0000019414fe13e0, 0x0000019414fe1a70, 0x0000019414fe0d50,
0x0000019414fdf310, 0x0000019414fe2790, 0x0000019414fe2100, 0x0000019414fe0030,
0x0000019414fe3b40, 0x0000019414fe34b0, 0x0000019417b081d0, 0x00000194138b00f0,
0x00000194138ad990, 0x00000194138aed40, 0x00000194138ad300, 0x00000194138acc70,
0x00000194138ae020, 0x00000194138b2ee0, 0x00000194138afa60, 0x00000194138b3c00,
0x00000194138b3570, 0x00000194138b1b30, 0x00000194138b0780, 0x00000194138b5640,
0x00000194138b0e10, 0x00000194138b8430, 0x00000194138b8ac0, 0x00000194138b5cd0,
0x00000194138b69f0, 0x00000194138b97e0, 0x00000194138b7710, 0x00000194138bab90,
0x00000194138bb220, 0x00000194138b6360, 0x00000194138bb8b0, 0x0000019417d2b300,
0x0000019414fe2e20, 0x00000194138b7da0, 0x0000019420feb3a0, 0x0000019420fead10,
0x0000019420fea680, 0x0000019420fee190, 0x0000019420ff85a0, 0x0000019420ff36e0,
0x0000019417b47300, 0x0000019417b4e290, 0x00000194175ce2f0, 0x0000019417f84660,
0x0000019417f83fd0, 0x0000019417f8f100, 0x0000019417f8c9a0, 0x0000019417f8a240,
0x0000019417f91860, 0x0000019417f92c10, 0x0000019417f932a0, 0x0000019417f86730,
0x0000019417f8bc80, 0x0000019417f96720, 0x0000019417f987f0, 0x0000019417f97440,
0x0000019417f95a00, 0x0000019417f99ba0, 0x0000019417f9bc70, 0x0000019417f9b5e0,
0x0000019417f9c300, 0x0000019417f83940, 0x0000019417f9a8c0, 0x0000019417f9d020,
0x0000019417f9d6b0, 0x0000019417f9f0f0, 0x0000019417f9f780, 0x0000019417f86dc0,
0x0000019417f8f790, 0x0000019417f8e3e0, 0x0000019417f904b0, 0x0000019417f90b40,
0x0000019417f96090, 0x0000019417f93930, 0x0000019417f9a230, 0x0000019417f98160,
0x0000019417f9e3d0, 0x0000019417f9ea60, 0x0000019417fa04a0, 0x0000019417fa0b30,
0x0000019417fa4640, 0x0000019417fa2570, 0x0000019417fa4cd0, 0x0000019417f911d0,
0x0000019417fa3fb0, 0x0000019417fa3290, 0x0000019417fa5360, 0x0000019417fa1ee0,
0x0000019417f860a0, 0x0000019417fa2c00, 0x0000019417fa87e0, 0x0000019417fa7430,
0x0000019417fa6080, 0x0000019417fa6da0, 0x0000019417fa7ac0, 0x0000019417fa8150,
0x0000019417fa59f0, 0x0000019417fa6710, 0x0000019417f6b610, 0x0000019417f6a8f0,
0x0000019417f69bd0, 0x0000019417f6af80, 0x0000019417f6a260, 0x0000019417f68820,
0x0000019417f6bca0, 0x0000019417f6c330, 0x0000019417f68eb0, 0x0000019417f6c9c0,
0x0000019417f69540, 0x0000019417f6d6e0, 0x0000019417f6f7b0, 0x0000019417f6d050,
0x0000019417f6fe40, 0x0000019417f6f120, 0x0000019417f71880, 0x0000019417f6e400,
0x000001941808ab10, 0x0000019418090d80, 0x0000019418091410, 0x000001941808ecb0,
0x00000194180906f0, 0x0000019418090060, 0x000001941808f340, 0x00000194180955b0,
0x0000019418094200, 0x00000194180934e0, 0x0000019418099750, 0x000001941809ab00,
0x000001941809b820, 0x000001941809beb0, 0x00000194180983a0, 0x000001941809f330,
0x000001941809d260, 0x000001941809e610, 0x000001941809f9c0, 0x00000194180a0050,
0x00000194180a06e0, 0x00000194180a27b0, 0x00000194180a1400, 0x00000194180a0d70,
0x00000194180a2e40, 0x00000194180a3b60, 0x00000194180a34d0, 0x00000194180a1a90,
0x00000194180a2120, 0x00000194180a7670, 0x00000194180a5c30, 0x00000194180a6fe0,
0x00000194180a62c0, 0x00000194180a41f0, 0x00000194180a6950, 0x00000194180a7d00,
0x00000194180a4880, 0x00000194180a4f10, 0x00000194180a8a20, 0x00000194180a8390,
0x00000194180a55a0, 0x0000019416bb84d0, 0x0000019416bb6a90, 0x0000019416bb77b0,
0x0000019416bb7e40, 0x0000019416bb7120, 0x0000019416bbac30, 0x0000019416bb9f10,
0x0000019416bbb2c0, 0x0000019416bbb950, 0x0000019416b9da40, 0x0000019416bb91f0,
0x0000019416b9cd20, 0x0000019416b9edf0, 0x0000019416b9c690, 0x0000019416ba01a0,
0x0000019416ba1550, 0x0000019416b9fb10, 0x0000019416ba2900, 0x0000019416ba2f90,
0x0000019416ba0830, 0x0000019416ba56f0, 0x0000019416ba5060, 0x0000019416ba2270,
0x0000019416ba7130, 0x0000019416ba6410, 0x0000019416ba77c0, 0x0000019416ba8b70,
0x0000019416ba6aa0, 0x0000019416ba4340, 0x0000019416ba9890, 0x0000019416ba9200,
0x0000019416bab2d0, 0x0000019416baac40, 0x0000019416ba9f20, 0x0000019416bac680,
0x0000019416ba84e0, 0x0000019416ba7e50, 0x0000019416bab960, 0x0000019416baede0,
0x0000019416baf470, 0x0000019416bacd10, 0x0000019416bad3a0, 0x0000019416bb1bd0,
0x0000019416bb0190, 0x0000019416bafb00, 0x0000019416bb0820, 0x0000019416bb1540,
0x0000019416bb0eb0, 0x0000019416bae0c0, 0x0000019416bb3610, 0x0000019416bb2f80,
0x0000019416bae750, 0x0000019416bb3ca0, 0x0000019416bb49c0, 0x0000019416bb5050,
0x0000019416bb28f0, 0x0000019416bb4330, 0x0000019416bb2260, 0x0000019416bb6400,
0x0000019416bb56e0, 0x0000019416bb5d70, 0x0000019417b3bb40, 0x0000019417b3c860,
0x0000019417b40370, 0x0000019417b3c1d0, 0x0000019417b3cef0, 0x0000019417b3e930,
0x0000019417b3dc10, 0x0000019417b3b4b0, 0x0000019417b3fce0, 0x0000019417b3f650,
0x0000019417b40a00, 0x0000019417b41090, 0x0000019417b3e2a0, 0x0000019417b3d580,
0x0000019417b3efc0, 0x0000019417b44510, 0x0000019417b41720, 0x0000019417b44ba0,
0x0000019417b42440, 0x0000019417b42ad0, 0x0000019417b41db0, 0x0000019417b45230,
0x0000019417b45f50, 0x0000019417b465e0, 0x0000019417b46c70, 0x0000019417b437f0,
0x0000019417b43160, 0x0000019417b4ae10, 0x0000019417b48020, 0x0000019417b47990,
0x0000019417b4a0f0, 0x0000019417b48d40, 0x0000019417b4b4a0, 0x0000019417b493d0,
0x0000019417b486b0, 0x0000019417b4e920, 0x0000019417b4dc00, 0x0000019417b4f640,
0x0000019417b4a780, 0x0000019417b51da0, 0x0000019417b58010, 0x0000019417b57980,
0x0000019417b59a50, 0x0000019417b4efb0, 0x0000019417b5a770, 0x0000019417b54b90,
0x0000019417f84cf0, 0x0000019417f87ae0, 0x0000019417f88800, 0x0000019417f85380,
0x0000019417f6dd70, 0x0000019417f89520, 0x0000019417f8b5f0, 0x0000019417f85a10,
0x0000019417f8a8d0, 0x0000019417f87450, 0x0000019417f88e90, 0x0000019417f8fe20,
0x0000019417fa11c0, 0x0000019417f8d030, 0x0000019417f9fe10, 0x0000019417f9dd40,
0x0000019417fa3920, 0x0000019417f6ea90, 0x0000019417f711f0, 0x0000019417f82c20,
0x0000019417f832b0, 0x0000019417f8af60, 0x0000019417f88170, 0x0000019417f732c0,
0x0000019417f71f10, 0x0000019417f725a0, 0x0000019417f72c30, 0x0000019417f760b0,
0x0000019417f74d00, 0x0000019417f73950, 0x0000019417f76740, 0x0000019417f73fe0,
0x0000019417f704d0, 0x0000019417f8ea70, 0x0000019417f93fc0, 0x0000019417f70b60,
0x0000019417f76dd0, 0x0000019417f78810, 0x0000019417f74670, 0x0000019417f75a20,
0x0000019417f75390, 0x0000019417f78ea0, 0x0000019417f79530, 0x0000019417f79bc0,
0x0000019417f77460, 0x0000019417f7af70, 0x0000019417f77af0, 0x0000019417f78180,
0x0000019417f7d6d0, 0x0000019417f7bc90, 0x0000019417f7c9b0, 0x0000019417f7a8e0,
0x0000019417f804c0, 0x0000019417f7a250, 0x0000019417f7ea80, 0x0000019417f7b600,
0x0000019417f7f110, 0x0000019417f7c320, 0x0000019417f7fe30, 0x0000019417f81870,
0x0000019417f82590, 0x0000019417f811e0, 0x0000019417f7f7a0, 0x0000019417f81f00,
0x0000019417f95370, 0x0000019417f91ef0, 0x0000019417f96db0, 0x0000019417f92580,
0x0000019417f97ad0, 0x0000019417f94ce0, 0x0000019417fa1850, 0x0000019417b6a780,
0x0000019417b6e290, 0x0000019417b6b4a0, 0x0000019417b6c1c0, 0x0000019417b6cee0,
0x0000019417b6efb0, 0x0000019417b6d570, 0x0000019417b6ae10, 0x0000019417b71080,
0x0000019417b71710, 0x0000019417b6bb30, 0x0000019417b6f640, 0x0000019417b6fcd0,
0x0000019417b6c850, 0x0000019417b72430, 0x0000019417b709f0, 0x0000019417b6dc00,
0x0000019417b74b90, 0x0000019417b75220, 0x0000019417b74500, 0x0000019417b73e70,
0x0000019417b71da0, 0x0000019417b73150, 0x0000019417b75f40, 0x0000019417b72ac0,
0x0000019417b78010, 0x0000019417b793c0, 0x0000019417b765d0, 0x0000019417b76c60,
0x0000019417b772f0, 0x00000194175cb500, 0x00000194175cc8b0, 0x00000194175ccf40,
0x00000194175cbb90, 0x00000194175cae70, 0x00000194175d10e0, 0x00000194175d2490,
0x00000194175cf010, 0x00000194175d4560, 0x00000194175ca7e0, 0x00000194175cf6a0,
0x00000194175d5910, 0x00000194175d6cc0, 0x00000194175d5280, 0x00000194175d31b0,
0x00000194175d3840, 0x00000194175d1770, 0x00000194175d2b20, 0x00000194175d0a50,
0x00000194175cd5d0, 0x00000194175cdc60, 0x00000194175cc220, 0x00000194175d3ed0,
0x00000194175d4bf0, 0x00000194175d7350, 0x00000194175d1e00, 0x00000194175ce980,
0x00000194175cfd30, 0x00000194175d8700, 0x00000194175d9420, 0x00000194175d79e0,
0x00000194175d5fa0, 0x00000194175d6630, 0x000001941808a480, 0x000001941808b830,
0x0000019418089df0, 0x000001941808df90, 0x000001941808cbe0, 0x000001941808d270,
0x000001941808bec0, 0x000001941808d900, 0x000001941808f9d0, 0x0000019418091aa0,
0x000001941808e620, 0x0000019418094f20, 0x0000019418093b70, 0x0000019418095c40,
0x0000019418092e50, 0x000001941808c550, 0x000001941808b1a0, 0x0000019418092130,
0x0000019418094890, 0x0000019418097680, 0x00000194180927c0, 0x0000019418098a30,
0x00000194180990c0, 0x00000194180962d0
}

Java Threads: ( => current thread )
  0x00000193ad9566e0 JavaThread "main"                              [_thread_blocked, id=20424, stack(0x0000006486f00000,0x0000006487000000) (1024K)]
  0x00000193afc938f0 JavaThread "Reference Handler"          daemon [_thread_blocked, id=20444, stack(0x0000006487400000,0x0000006487500000) (1024K)]
  0x00000193afc97ac0 JavaThread "Finalizer"                  daemon [_thread_blocked, id=20448, stack(0x0000006487500000,0x0000006487600000) (1024K)]
  0x00000193afc9e110 JavaThread "Signal Dispatcher"          daemon [_thread_blocked, id=20452, stack(0x0000006487600000,0x0000006487700000) (1024K)]
  0x00000193afc9f4c0 JavaThread "Attach Listener"            daemon [_thread_blocked, id=20456, stack(0x0000006487700000,0x0000006487800000) (1024K)]
  0x00000193afc9d3f0 JavaThread "Service Thread"             daemon [_thread_blocked, id=20460, stack(0x0000006487800000,0x0000006487900000) (1024K)]
  0x00000193afc9fb50 JavaThread "Monitor Deflation Thread"   daemon [_thread_blocked, id=20464, stack(0x0000006487900000,0x0000006487a00000) (1024K)]
=>0x00000193afca60e0 JavaThread "C2 CompilerThread0"         daemon [_thread_in_native, id=20468, stack(0x0000006487a00000,0x0000006487b00000) (1024K)]
  0x000001940e2f9140 JavaThread "C1 CompilerThread0"         daemon [_thread_blocked, id=20472, stack(0x0000006487b00000,0x0000006487c00000) (1024K)]
  0x00000193afc9c6d0 JavaThread "Common-Cleaner"             daemon [_thread_blocked, id=20476, stack(0x0000006487c00000,0x0000006487d00000) (1024K)]
  0x00000193afc9e7a0 JavaThread "Notification Thread"        daemon [_thread_blocked, id=19644, stack(0x0000006487e00000,0x0000006487f00000) (1024K)]
  0x00000193afc9da80 JavaThread "Active Thread: Equinox Container: a2ac181f-1674-428d-a1b5-9afc35fbc1de"        [_thread_blocked, id=3760, stack(0x0000006488400000,0x0000006488500000) (1024K)]
  0x00000193afc9ee30 JavaThread "Refresh Thread: Equinox Container: a2ac181f-1674-428d-a1b5-9afc35fbc1de" daemon [_thread_blocked, id=19676, stack(0x0000006488600000,0x0000006488700000) (1024K)]
  0x00000193afc9cd60 JavaThread "Framework Event Dispatcher: Equinox Container: a2ac181f-1674-428d-a1b5-9afc35fbc1de" daemon [_thread_blocked, id=19684, stack(0x0000006488700000,0x0000006488800000) (1024K)]
  0x0000019413069e70 JavaThread "Start Level: Equinox Container: a2ac181f-1674-428d-a1b5-9afc35fbc1de" daemon [_thread_blocked, id=19692, stack(0x0000006488800000,0x0000006488900000) (1024K)]
  0x00000194130697e0 JavaThread "Bundle File Closer"         daemon [_thread_blocked, id=19764, stack(0x0000006488a00000,0x0000006488b00000) (1024K)]
  0x0000019413067da0 JavaThread "SCR Component Actor"        daemon [_thread_blocked, id=15088, stack(0x0000006488900000,0x0000006488a00000) (1024K)]
  0x0000019413068ac0 JavaThread "Worker-JM"                         [_thread_blocked, id=19904, stack(0x0000006488b00000,0x0000006488c00000) (1024K)]
  0x0000019413069150 JavaThread "JNA Cleaner"                daemon [_thread_blocked, id=14408, stack(0x0000006488c00000,0x0000006488d00000) (1024K)]
  0x0000019413068430 JavaThread "Worker-3: Initialize workspace"        [_thread_blocked, id=9456, stack(0x0000006489100000,0x0000006489200000) (1024K)]
  0x000001941306d2f0 JavaThread "Java indexing"              daemon [_thread_in_Java, id=18028, stack(0x0000006489000000,0x0000006489100000) (1024K)]
  0x000001941306bf40 JavaThread "pool-2-thread-1"                   [_thread_blocked, id=20148, stack(0x0000006489800000,0x0000006489900000) (1024K)]
  0x000001941306c5d0 JavaThread "WorkspaceEventsHandler"            [_thread_blocked, id=17636, stack(0x0000006489700000,0x0000006489800000) (1024K)]
  0x000001941306cc60 JavaThread "pool-1-thread-1"                   [_thread_blocked, id=15448, stack(0x0000006489900000,0x0000006489a00000) (1024K)]
  0x000001941306b220 JavaThread "PatternSearchJob-worker-1"  daemon [_thread_blocked, id=20312, stack(0x0000006489200000,0x0000006489300000) (1024K)]
  0x000001941306d980 JavaThread "PatternSearchJob-worker-2"  daemon [_thread_blocked, id=20328, stack(0x0000006489a00000,0x0000006489b00000) (1024K)]
  0x000001941306b8b0 JavaThread "PatternSearchJob-worker-3"  daemon [_thread_blocked, id=20324, stack(0x0000006489b00000,0x0000006489c00000) (1024K)]
  0x0000019414ac4df0 JavaThread "PatternSearchJob-worker-4"  daemon [_thread_blocked, id=20356, stack(0x0000006489c00000,0x0000006489d00000) (1024K)]
  0x0000019414ac4760 JavaThread "PatternSearchJob-worker-5"  daemon [_thread_blocked, id=20288, stack(0x0000006489d00000,0x0000006489e00000) (1024K)]
  0x0000019414ac7be0 JavaThread "PatternSearchJob-worker-6"  daemon [_thread_blocked, id=18716, stack(0x0000006489e00000,0x0000006489f00000) (1024K)]
  0x0000019414ac61a0 JavaThread "PatternSearchJob-worker-7"  daemon [_thread_blocked, id=18916, stack(0x0000006489f00000,0x000000648a000000) (1024K)]
  0x0000019414aca340 JavaThread "Timer-0"                           [_thread_blocked, id=5680, stack(0x000000648a900000,0x000000648aa00000) (1024K)]
  0x0000019414ac5b10 JavaThread "Worker-6: Initialize workspace"        [_thread_blocked, id=17768, stack(0x000000648a300000,0x000000648a400000) (1024K)]
  0x0000019414ac8900 JavaThread "Worker-7: Initialize workspace"        [_thread_blocked, id=18612, stack(0x000000648a400000,0x000000648a500000) (1024K)]
  0x0000019414ac5480 JavaThread "Worker-8: Initialize workspace"        [_thread_blocked, id=11360, stack(0x000000648a500000,0x000000648a600000) (1024K)]
  0x0000019414ac9cb0 JavaThread "Worker-9: Initialize workspace"        [_thread_blocked, id=17692, stack(0x000000648a600000,0x000000648a700000) (1024K)]
  0x0000019414ac6ec0 JavaThread "Timer-1"                           [_thread_blocked, id=20212, stack(0x000000648a800000,0x000000648a900000) (1024K)]
  0x0000019414ac8f90 JavaThread "Worker-11: Initialize workspace"        [_thread_blocked, id=17756, stack(0x000000648aa00000,0x000000648ab00000) (1024K)]
  0x0000019414ac7550 JavaThread "Worker-12: Initialize workspace"        [_thread_blocked, id=3108, stack(0x000000648ac00000,0x000000648ad00000) (1024K)]
  0x0000019414acbd80 JavaThread "Worker-13: Initialize workspace"        [_thread_blocked, id=18840, stack(0x000000648ad00000,0x000000648ae00000) (1024K)]
  0x0000019414acb060 JavaThread "Worker-14: Initialize workspace"        [_thread_blocked, id=18544, stack(0x000000648ae00000,0x000000648af00000) (1024K)]
  0x0000019414acb6f0 JavaThread "Worker-15: Initialize workspace"        [_thread_blocked, id=18228, stack(0x000000648af00000,0x000000648b000000) (1024K)]
  0x0000019414ff4900 JavaThread "Worker-16: Initialize workspace"        [_thread_blocked, id=20004, stack(0x000000648b000000,0x000000648b100000) (1024K)]
  0x0000019414ff3be0 JavaThread "Worker-18: Initialize workspace"        [_thread_blocked, id=17816, stack(0x000000648b200000,0x000000648b300000) (1024K)]
  0x0000019414ff4270 JavaThread "Worker-19: Initialize workspace"        [_thread_blocked, id=1940, stack(0x000000648b300000,0x000000648b400000) (1024K)]
  0x0000019414ff1b10 JavaThread "Worker-20: Initialize workspace"        [_thread_blocked, id=2780, stack(0x000000648b400000,0x000000648b500000) (1024K)]
  0x0000019414ff1480 JavaThread "Worker-22: Initialize workspace"        [_thread_blocked, id=20224, stack(0x000000648ab00000,0x000000648ac00000) (1024K)]
  0x0000019414ff2ec0 JavaThread "Worker-23: Initialize workspace"        [_thread_blocked, id=16756, stack(0x000000648a200000,0x000000648a300000) (1024K)]
  0x0000019414ff3550 JavaThread "Timer-2"                           [_thread_blocked, id=6292, stack(0x000000648b700000,0x000000648b800000) (1024K)]
  0x0000019414ff4f90 JavaThread "Worker-25: Initialize workspace"        [_thread_blocked, id=16784, stack(0x000000648b600000,0x000000648b700000) (1024K)]
  0x0000019414ff7060 JavaThread "Worker-27: Initialize workspace"        [_thread_blocked, id=12264, stack(0x000000648ba00000,0x000000648bb00000) (1024K)]
  0x0000019414ff8410 JavaThread "Timer-3"                           [_thread_blocked, id=380, stack(0x000000648bc00000,0x000000648bd00000) (1024K)]
  0x000001941478d270 JavaThread "Timer-4"                           [_thread_blocked, id=18344, stack(0x000000648c500000,0x000000648c600000) (1024K)]
  0x000001941478bec0 JavaThread "Timer-5"                           [_thread_blocked, id=20028, stack(0x000000648c100000,0x000000648c200000) (1024K)]
  0x000001941478c550 JavaThread "Timer-6"                           [_thread_blocked, id=19792, stack(0x000000648bf00000,0x000000648c000000) (1024K)]
  0x00000194147890d0 JavaThread "Timer-7"                           [_thread_blocked, id=16396, stack(0x000000648c000000,0x000000648c100000) (1024K)]
  0x000001941478cbe0 JavaThread "Timer-8"                           [_thread_blocked, id=1420, stack(0x000000648bd00000,0x000000648be00000) (1024K)]
  0x000001941478b1a0 JavaThread "Timer-9"                           [_thread_blocked, id=17864, stack(0x000000648c200000,0x000000648c300000) (1024K)]
  0x000001941478df90 JavaThread "Timer-10"                          [_thread_blocked, id=18336, stack(0x000000648c300000,0x000000648c400000) (1024K)]
  0x000001941478d900 JavaThread "Timer-11"                          [_thread_blocked, id=16692, stack(0x000000648c600000,0x000000648c700000) (1024K)]
  0x000001941478ab10 JavaThread "Timer-12"                          [_thread_blocked, id=6880, stack(0x000000648c800000,0x000000648c900000) (1024K)]
  0x000001941478e620 JavaThread "Timer-13"                          [_thread_blocked, id=19748, stack(0x000000648c900000,0x000000648ca00000) (1024K)]
  0x000001941478f9d0 JavaThread "Timer-14"                          [_thread_blocked, id=17720, stack(0x000000648ca00000,0x000000648cb00000) (1024K)]
  0x000001941478ecb0 JavaThread "Timer-15"                          [_thread_blocked, id=9708, stack(0x000000648cb00000,0x000000648cc00000) (1024K)]
  0x0000019414790060 JavaThread "Timer-16"                          [_thread_blocked, id=20344, stack(0x000000648cc00000,0x000000648cd00000) (1024K)]
  0x00000194147906f0 JavaThread "Timer-17"                          [_thread_blocked, id=8180, stack(0x000000648cd00000,0x000000648ce00000) (1024K)]
  0x0000019414ff7d80 JavaThread "Timer-18"                          [_thread_blocked, id=12404, stack(0x000000648ce00000,0x000000648cf00000) (1024K)]
  0x0000019414ff76f0 JavaThread "Timer-19"                          [_thread_blocked, id=2156, stack(0x000000648cf00000,0x000000648d000000) (1024K)]
  0x0000019414ff5620 JavaThread "Timer-20"                          [_thread_blocked, id=19404, stack(0x000000648d000000,0x000000648d100000) (1024K)]
  0x0000019414ff5cb0 JavaThread "Timer-21"                          [_thread_blocked, id=19864, stack(0x000000648d100000,0x000000648d200000) (1024K)]
  0x0000019413067710 JavaThread "Timer-22"                          [_thread_blocked, id=19848, stack(0x000000648d200000,0x000000648d300000) (1024K)]
  0x0000019414ff8aa0 JavaThread "Timer-23"                          [_thread_blocked, id=16940, stack(0x000000648d300000,0x000000648d400000) (1024K)]
  0x0000019417d92c20 JavaThread "Timer-24"                          [_thread_blocked, id=17304, stack(0x000000648d400000,0x000000648d500000) (1024K)]
  0x0000019417d93fd0 JavaThread "Timer-25"                          [_thread_blocked, id=13356, stack(0x000000648d500000,0x000000648d600000) (1024K)]
  0x0000019417d91f00 JavaThread "Timer-26"                          [_thread_blocked, id=19720, stack(0x000000648d600000,0x000000648d700000) (1024K)]
  0x0000019417d90b50 JavaThread "Worker-30: Initialize workspace"        [_thread_blocked, id=5212, stack(0x000000648d800000,0x000000648d900000) (1024K)]
  0x0000019417d92590 JavaThread "Worker-31: Initialize workspace"        [_thread_blocked, id=18280, stack(0x000000648d900000,0x000000648da00000) (1024K)]
  0x0000019417d94660 JavaThread "Worker-32: Initialize workspace"        [_thread_blocked, id=5336, stack(0x000000648da00000,0x000000648db00000) (1024K)]
  0x0000019417d94cf0 JavaThread "Timer-27"                          [_thread_blocked, id=19008, stack(0x000000648dc00000,0x000000648dd00000) (1024K)]
  0x0000019417d91870 JavaThread "Timer-28"                          [_thread_blocked, id=17248, stack(0x000000648dd00000,0x000000648de00000) (1024K)]
  0x0000019417d97450 JavaThread "Timer-29"                          [_thread_blocked, id=19884, stack(0x000000648de00000,0x000000648df00000) (1024K)]
  0x0000019417d95a10 JavaThread "Timer-30"                          [_thread_blocked, id=14768, stack(0x000000648df00000,0x000000648e000000) (1024K)]
  0x0000019417d96dc0 JavaThread "Timer-31"                          [_thread_blocked, id=20184, stack(0x000000648e000000,0x000000648e100000) (1024K)]
  0x0000019417d97ae0 JavaThread "Worker-35: Initialize workspace"        [_thread_blocked, id=1396, stack(0x000000648e200000,0x000000648e300000) (1024K)]
  0x0000019417d960a0 JavaThread "Timer-32"                          [_thread_blocked, id=2828, stack(0x000000648e400000,0x000000648e500000) (1024K)]
  0x0000019417d98170 JavaThread "Timer-33"                          [_thread_blocked, id=6868, stack(0x000000648e500000,0x000000648e600000) (1024K)]
  0x00000194183d1980 JavaThread "Timer-34"                          [_thread_blocked, id=20232, stack(0x000000648e700000,0x000000648e800000) (1024K)]
  0x00000194183d3a50 JavaThread "Timer-35"                          [_thread_blocked, id=13436, stack(0x000000648e900000,0x000000648ea00000) (1024K)]
  0x00000194183d33c0 JavaThread "Timer-36"                          [_thread_blocked, id=18904, stack(0x000000648eb00000,0x000000648ec00000) (1024K)]
  0x00000194183d0c60 JavaThread "Timer-37"                          [_thread_blocked, id=8820, stack(0x000000648ec00000,0x000000648ed00000) (1024K)]
  0x00000194183d4770 JavaThread "Worker-39: Initialize workspace"        [_thread_blocked, id=15552, stack(0x000000648ed00000,0x000000648ee00000) (1024K)]
  0x00000194183d40e0 JavaThread "Worker-40: Initialize workspace"        [_thread_blocked, id=10088, stack(0x000000648ea00000,0x000000648eb00000) (1024K)]
  0x00000194183d4e00 JavaThread "Timer-38"                          [_thread_blocked, id=13580, stack(0x000000648ee00000,0x000000648ef00000) (1024K)]
  0x00000194183d12f0 JavaThread "Timer-39"                          [_thread_blocked, id=4424, stack(0x000000648ef00000,0x000000648f000000) (1024K)]
  0x00000194183d2010 JavaThread "Worker-42: Initialize workspace"        [_thread_blocked, id=17420, stack(0x000000648f100000,0x000000648f200000) (1024K)]
  0x00000194183d6840 JavaThread "Timer-40"                          [_thread_blocked, id=15676, stack(0x000000648f200000,0x000000648f300000) (1024K)]
  0x00000194183d61b0 JavaThread "Worker-43: Initialize workspace"        [_thread_blocked, id=13200, stack(0x000000648f400000,0x000000648f500000) (1024K)]
  0x00000194183d6ed0 JavaThread "Timer-41"                          [_thread_blocked, id=8660, stack(0x000000648f300000,0x000000648f400000) (1024K)]
  0x00000194183d7560 JavaThread "Worker-44: Initialize workspace"        [_thread_blocked, id=2864, stack(0x000000648a100000,0x000000648a200000) (1024K)]
  0x00000194183d5b20 JavaThread "Timer-42"                          [_thread_blocked, id=8716, stack(0x000000648f800000,0x000000648f900000) (1024K)]
  0x00000194183d8280 JavaThread "Timer-43"                          [_thread_blocked, id=7888, stack(0x000000648f900000,0x000000648fa00000) (1024K)]
  0x0000019417b04030 JavaThread "Worker-46: Initialize workspace"        [_thread_blocked, id=10208, stack(0x000000648fa00000,0x000000648fb00000) (1024K)]
  0x0000019417b053e0 JavaThread "Timer-44"                          [_thread_blocked, id=11320, stack(0x000000648fb00000,0x000000648fc00000) (1024K)]
  0x0000019417b04d50 JavaThread "Timer-45"                          [_thread_blocked, id=19660, stack(0x000000648fc00000,0x000000648fd00000) (1024K)]
  0x0000019417b03310 JavaThread "Worker-47: Initialize workspace"        [_thread_blocked, id=10724, stack(0x000000648fd00000,0x000000648fe00000) (1024K)]
  0x0000019417b02c80 JavaThread "Worker-48: Initialize workspace"        [_thread_blocked, id=16924, stack(0x000000648f700000,0x000000648f800000) (1024K)]
  0x0000019417b05a70 JavaThread "Timer-46"                          [_thread_blocked, id=6480, stack(0x000000648ff00000,0x0000006490000000) (1024K)]
  0x0000019417b06100 JavaThread "Timer-47"                          [_thread_blocked, id=18712, stack(0x0000006490000000,0x0000006490100000) (1024K)]
  0x0000019417b06790 JavaThread "Timer-48"                          [_thread_blocked, id=10636, stack(0x0000006490100000,0x0000006490200000) (1024K)]
  0x0000019417b046c0 JavaThread "Timer-49"                          [_thread_blocked, id=9260, stack(0x000000648fe00000,0x000000648ff00000) (1024K)]
  0x0000019417b039a0 JavaThread "Worker-57: Initialize workspace"        [_thread_blocked, id=17060, stack(0x000000648f500000,0x000000648f600000) (1024K)]
  0x0000019417b074b0 JavaThread "Timer-50"                          [_thread_blocked, id=18492, stack(0x0000006490300000,0x0000006490400000) (1024K)]
  0x0000019417b01f60 JavaThread "Worker-63: Initialize workspace"        [_thread_blocked, id=9340, stack(0x000000648a000000,0x000000648a100000) (1024K)]
  0x0000019417b025f0 JavaThread "Timer-51"                          [_thread_blocked, id=17808, stack(0x0000006490200000,0x0000006490300000) (1024K)]
  0x0000019417b06e20 JavaThread "Worker-74: Initialize workspace"        [_thread_blocked, id=5808, stack(0x0000006490400000,0x0000006490500000) (1024K)]
  0x0000019417b08860 JavaThread "Timer-52"                          [_thread_blocked, id=7220, stack(0x0000006490700000,0x0000006490800000) (1024K)]
  0x0000019417b07b40 JavaThread "Worker-82: Initialize workspace"        [_thread_blocked, id=18220, stack(0x0000006490500000,0x0000006490600000) (1024K)]
  0x0000019417d96730 JavaThread "Timer-53"                          [_thread_blocked, id=3792, stack(0x0000006490a00000,0x0000006490b00000) (1024K)]
  0x0000019417d28ba0 JavaThread "Worker-90: Initialize workspace"        [_thread_blocked, id=18596, stack(0x0000006490600000,0x0000006490700000) (1024K)]
  0x0000019417d2ac70 JavaThread "Timer-54"                          [_thread_blocked, id=16996, stack(0x0000006490b00000,0x0000006490c00000) (1024K)]
  0x0000019417d27160 JavaThread "Timer-55"                          [_thread_blocked, id=11024, stack(0x0000006490c00000,0x0000006490d00000) (1024K)]
  0x0000019417d29f50 JavaThread "Worker-109: Initialize workspace"        [_thread_blocked, id=7592, stack(0x0000006490d00000,0x0000006490e00000) (1024K)]
  0x0000019417d277f0 JavaThread "Timer-56"                          [_thread_blocked, id=20120, stack(0x0000006490f00000,0x0000006491000000) (1024K)]
  0x0000019417d29230 JavaThread "Worker-119: Initialize workspace"        [_thread_blocked, id=18196, stack(0x000000648c400000,0x000000648c500000) (1024K)]
  0x0000019417d27e80 JavaThread "Timer-57"                          [_thread_blocked, id=7180, stack(0x0000006491100000,0x0000006491200000) (1024K)]
  0x0000019417d2c020 JavaThread "Timer-58"                          [_thread_blocked, id=20084, stack(0x0000006491000000,0x0000006491100000) (1024K)]
  0x0000019417d2b990 JavaThread "Worker-138: Initialize workspace"        [_thread_blocked, id=20044, stack(0x0000006491200000,0x0000006491300000) (1024K)]
  0x0000019417d2cd40 JavaThread "Timer-59"                          [_thread_blocked, id=19840, stack(0x0000006491500000,0x0000006491600000) (1024K)]
  0x0000019417d28510 JavaThread "Worker-146: Initialize workspace"        [_thread_blocked, id=19776, stack(0x0000006491300000,0x0000006491400000) (1024K)]
  0x0000019417d2c6b0 JavaThread "Timer-60"                          [_thread_blocked, id=19320, stack(0x0000006491800000,0x0000006491900000) (1024K)]
  0x0000019417d2da60 JavaThread "Worker-154: Initialize workspace"        [_thread_blocked, id=20052, stack(0x0000006490900000,0x0000006490a00000) (1024K)]
  0x0000019417b09580 JavaThread "Timer-61"                          [_thread_blocked, id=3332, stack(0x0000006491a00000,0x0000006491b00000) (1024K)]
  0x0000019417d2e780 JavaThread "Timer-62"                          [_thread_blocked, id=15832, stack(0x0000006491700000,0x0000006491800000) (1024K)]
  0x0000019414aca9d0 JavaThread "Worker-175: Initialize workspace"        [_thread_blocked, id=10308, stack(0x0000006491900000,0x0000006491a00000) (1024K)]
  0x0000019414fd6fd0 JavaThread "Timer-63"                          [_thread_blocked, id=19740, stack(0x0000006491b00000,0x0000006491c00000) (1024K)]
  0x0000019414fd4f00 JavaThread "Worker-184: Initialize workspace"        [_thread_blocked, id=19672, stack(0x0000006491c00000,0x0000006491d00000) (1024K)]
  0x0000019414fd62b0 JavaThread "Timer-64"                          [_thread_blocked, id=19872, stack(0x0000006491d00000,0x0000006491e00000) (1024K)]
  0x0000019414fd5c20 JavaThread "Worker-194: Initialize workspace"        [_thread_blocked, id=352, stack(0x0000006491f00000,0x0000006492000000) (1024K)]
  0x0000019414fd7cf0 JavaThread "Timer-65"                          [_thread_blocked, id=19712, stack(0x0000006492100000,0x0000006492200000) (1024K)]
  0x0000019414fd8380 JavaThread "Timer-66"                          [_thread_blocked, id=18012, stack(0x0000006492000000,0x0000006492100000) (1024K)]
  0x0000019414fd4870 JavaThread "Worker-215: Initialize workspace"        [_thread_blocked, id=10644, stack(0x0000006492200000,0x0000006492300000) (1024K)]
  0x0000019414fda450 JavaThread "Timer-67"                          [_thread_blocked, id=19004, stack(0x0000006492400000,0x0000006492500000) (1024K)]
  0x0000019414fd5590 JavaThread "Worker-222: Initialize workspace"        [_thread_blocked, id=20168, stack(0x0000006492500000,0x0000006492600000) (1024K)]
  0x0000019414fd7660 JavaThread "Timer-68"                          [_thread_blocked, id=17844, stack(0x0000006492800000,0x0000006492900000) (1024K)]
  0x0000019414fdaae0 JavaThread "Worker-233: Initialize workspace"        [_thread_blocked, id=19072, stack(0x0000006492300000,0x0000006492400000) (1024K)]
  0x0000019414fdb800 JavaThread "Timer-69"                          [_thread_blocked, id=4240, stack(0x0000006492a00000,0x0000006492b00000) (1024K)]
  0x0000019414fdb170 JavaThread "Worker-241: Initialize workspace"        [_thread_blocked, id=15680, stack(0x0000006492600000,0x0000006492700000) (1024K)]
  0x0000019414fdc520 JavaThread "Timer-70"                          [_thread_blocked, id=13148, stack(0x0000006492b00000,0x0000006492c00000) (1024K)]
  0x0000019414fdbe90 JavaThread "Worker-250: Initialize workspace"        [_thread_blocked, id=19800, stack(0x0000006492700000,0x0000006492800000) (1024K)]
  0x0000019414fd8a10 JavaThread "Timer-71"                          [_thread_blocked, id=17500, stack(0x0000006492e00000,0x0000006492f00000) (1024K)]
  0x0000019414fd90a0 JavaThread "Worker-258: Initialize workspace"        [_thread_blocked, id=12696, stack(0x0000006492900000,0x0000006492a00000) (1024K)]
  0x0000019414fd9730 JavaThread "Timer-72"                          [_thread_blocked, id=16472, stack(0x0000006492c00000,0x0000006492d00000) (1024K)]
  0x0000019414fdcbb0 JavaThread "Worker-268: Initialize workspace"        [_thread_blocked, id=18724, stack(0x0000006492d00000,0x0000006492e00000) (1024K)]
  0x0000019414fde5f0 JavaThread "Timer-73"                          [_thread_blocked, id=19804, stack(0x0000006492f00000,0x0000006493000000) (1024K)]
  0x0000019414fdec80 JavaThread "Worker-276: Initialize workspace"        [_thread_blocked, id=10128, stack(0x0000006493100000,0x0000006493200000) (1024K)]
  0x0000019414fddf60 JavaThread "Timer-74"                          [_thread_blocked, id=816, stack(0x0000006493000000,0x0000006493100000) (1024K)]
  0x0000019414fdd240 JavaThread "Worker-285: Initialize workspace"        [_thread_blocked, id=9076, stack(0x0000006493200000,0x0000006493300000) (1024K)]
  0x0000019414fdd8d0 JavaThread "Timer-75"                          [_thread_blocked, id=8700, stack(0x0000006493400000,0x0000006493500000) (1024K)]
  0x0000019414fd9dc0 JavaThread "Worker-294: Initialize workspace"        [_thread_blocked, id=4992, stack(0x0000006493300000,0x0000006493400000) (1024K)]
  0x0000019414fdf9a0 JavaThread "Timer-76"                          [_thread_blocked, id=18620, stack(0x0000006493900000,0x0000006493a00000) (1024K)]
  0x0000019414fe06c0 JavaThread "Worker-305: Initialize workspace"        [_thread_blocked, id=18036, stack(0x0000006493600000,0x0000006493700000) (1024K)]
  0x0000019414fe13e0 JavaThread "Timer-77"                          [_thread_blocked, id=17552, stack(0x0000006493700000,0x0000006493800000) (1024K)]
  0x0000019414fe1a70 JavaThread "Worker-314: Initialize workspace"        [_thread_blocked, id=20300, stack(0x0000006493800000,0x0000006493900000) (1024K)]
  0x0000019414fe0d50 JavaThread "Timer-78"                          [_thread_blocked, id=5276, stack(0x0000006493c00000,0x0000006493d00000) (1024K)]
  0x0000019414fdf310 JavaThread "Worker-326: Initialize workspace"        [_thread_blocked, id=9244, stack(0x0000006493a00000,0x0000006493b00000) (1024K)]
  0x0000019414fe2790 JavaThread "Timer-79"                          [_thread_blocked, id=19620, stack(0x0000006493b00000,0x0000006493c00000) (1024K)]
  0x0000019414fe2100 JavaThread "Worker-333: Initialize workspace"        [_thread_blocked, id=19048, stack(0x0000006493500000,0x0000006493600000) (1024K)]
  0x0000019414fe0030 JavaThread "Timer-80"                          [_thread_blocked, id=9552, stack(0x0000006493f00000,0x0000006494000000) (1024K)]
  0x0000019414fe3b40 JavaThread "Worker-344: Initialize workspace"        [_thread_blocked, id=20092, stack(0x0000006494000000,0x0000006494100000) (1024K)]
  0x0000019414fe34b0 JavaThread "Timer-81"                          [_thread_blocked, id=18144, stack(0x0000006493e00000,0x0000006493f00000) (1024K)]
  0x0000019417b081d0 JavaThread "Worker-352: Initialize workspace"        [_thread_blocked, id=19512, stack(0x0000006493d00000,0x0000006493e00000) (1024K)]
  0x00000194138b00f0 JavaThread "Timer-82"                          [_thread_blocked, id=19608, stack(0x0000006494300000,0x0000006494400000) (1024K)]
  0x00000194138ad990 JavaThread "Timer-83"                          [_thread_blocked, id=15772, stack(0x0000006494500000,0x0000006494600000) (1024K)]
  0x00000194138aed40 JavaThread "Worker-370: Initialize workspace"        [_thread_blocked, id=19828, stack(0x0000006494200000,0x0000006494300000) (1024K)]
  0x00000194138ad300 JavaThread "Timer-84"                          [_thread_blocked, id=15704, stack(0x0000006494400000,0x0000006494500000) (1024K)]
  0x00000194138acc70 JavaThread "Worker-383: Check JDK Index"        [_thread_blocked, id=19920, stack(0x0000006491400000,0x0000006491500000) (1024K)]
  0x00000194138ae020 JavaThread "Timer-85"                          [_thread_blocked, id=10888, stack(0x0000006494700000,0x0000006494800000) (1024K)]
  0x00000194138b2ee0 JavaThread "Timer-86"                          [_thread_blocked, id=13644, stack(0x0000006494c00000,0x0000006494d00000) (1024K)]
  0x00000194138afa60 JavaThread "Timer-87"                          [_thread_blocked, id=20332, stack(0x0000006494b00000,0x0000006494c00000) (1024K)]
  0x00000194138b3c00 JavaThread "Worker-401: Initialize workspace"        [_thread_blocked, id=19680, stack(0x0000006494d00000,0x0000006494e00000) (1024K)]
  0x00000194138b3570 JavaThread "Timer-88"                          [_thread_blocked, id=2952, stack(0x0000006494e00000,0x0000006494f00000) (1024K)]
  0x00000194138b1b30 JavaThread "Timer-89"                          [_thread_blocked, id=18480, stack(0x0000006495000000,0x0000006495100000) (1024K)]
  0x00000194138b0780 JavaThread "Timer-90"                          [_thread_blocked, id=19688, stack(0x0000006494900000,0x0000006494a00000) (1024K)]
  0x00000194138b5640 JavaThread "Timer-91"                          [_thread_blocked, id=7056, stack(0x0000006495400000,0x0000006495500000) (1024K)]
  0x00000194138b0e10 JavaThread "Timer-92"                          [_thread_blocked, id=6460, stack(0x0000006495300000,0x0000006495400000) (1024K)]
  0x00000194138b8430 JavaThread "Timer-93"                          [_thread_blocked, id=7208, stack(0x0000006495800000,0x0000006495900000) (1024K)]
  0x00000194138b8ac0 JavaThread "Worker-461: Initialize workspace"        [_thread_blocked, id=17732, stack(0x0000006495500000,0x0000006495600000) (1024K)]
  0x00000194138b5cd0 JavaThread "Timer-94"                          [_thread_blocked, id=17224, stack(0x0000006495a00000,0x0000006495b00000) (1024K)]
  0x00000194138b69f0 JavaThread "Timer-95"                          [_thread_blocked, id=20320, stack(0x0000006495b00000,0x0000006495c00000) (1024K)]
  0x00000194138b97e0 JavaThread "Worker-478: Initialize workspace"        [_thread_blocked, id=16952, stack(0x0000006495900000,0x0000006495a00000) (1024K)]
  0x00000194138b7710 JavaThread "Timer-96"                          [_thread_blocked, id=4820, stack(0x0000006495c00000,0x0000006495d00000) (1024K)]
  0x00000194138bab90 JavaThread "Timer-97"                          [_thread_blocked, id=1968, stack(0x0000006496000000,0x0000006496100000) (1024K)]
  0x00000194138bb220 JavaThread "Timer-98"                          [_thread_blocked, id=20056, stack(0x0000006496100000,0x0000006496200000) (1024K)]
  0x00000194138b6360 JavaThread "Worker-504: Initialize workspace"        [_thread_blocked, id=18588, stack(0x0000006495e00000,0x0000006495f00000) (1024K)]
  0x00000194138bb8b0 JavaThread "Timer-99"                          [_thread_blocked, id=19128, stack(0x0000006496400000,0x0000006496500000) (1024K)]
  0x0000019417d2b300 JavaThread "Timer-100"                         [_thread_blocked, id=5712, stack(0x0000006496500000,0x0000006496600000) (1024K)]
  0x0000019414fe2e20 JavaThread "Worker-520: Initialize workspace"        [_thread_blocked, id=15708, stack(0x0000006496700000,0x0000006496800000) (1024K)]
  0x00000194138b7da0 JavaThread "Timer-101"                         [_thread_blocked, id=8040, stack(0x0000006495f00000,0x0000006496000000) (1024K)]
  0x0000019420feb3a0 JavaThread "Timer-102"                         [_thread_blocked, id=12748, stack(0x0000006496a00000,0x0000006496b00000) (1024K)]
  0x0000019420fead10 JavaThread "Worker-536: Initialize workspace"        [_thread_blocked, id=2688, stack(0x0000006496b00000,0x0000006496c00000) (1024K)]
  0x0000019420fea680 JavaThread "Timer-103"                         [_thread_blocked, id=8832, stack(0x0000006496900000,0x0000006496a00000) (1024K)]
  0x0000019420fee190 JavaThread "Worker-541: Initialize workspace"        [_thread_blocked, id=13072, stack(0x0000006497b00000,0x0000006497c00000) (1024K)]
  0x0000019420ff85a0 JavaThread "Timer-104"                         [_thread_blocked, id=9728, stack(0x0000006498d00000,0x0000006498e00000) (1024K)]
  0x0000019420ff36e0 JavaThread "Timer-105"                         [_thread_blocked, id=11952, stack(0x00000064a0100000,0x00000064a0200000) (1024K)]
  0x0000019417b47300 JavaThread "Timer-106"                         [_thread_blocked, id=26416, stack(0x00000064ab800000,0x00000064ab900000) (1024K)]
  0x0000019417b4e290 JavaThread "Timer-107"                         [_thread_blocked, id=27676, stack(0x00000064ad200000,0x00000064ad300000) (1024K)]
  0x00000194175ce2f0 JavaThread "Timer-108"                         [_thread_blocked, id=29224, stack(0x00000064af200000,0x00000064af300000) (1024K)]
  0x0000019417f84660 JavaThread "Timer-109"                         [_thread_blocked, id=30620, stack(0x00000064b0d00000,0x00000064b0e00000) (1024K)]
  0x0000019417f83fd0 JavaThread "Worker-594: Initialize workspace"        [_thread_blocked, id=30764, stack(0x00000064b0e00000,0x00000064b0f00000) (1024K)]
  0x0000019417f8f100 JavaThread "Timer-110"                         [_thread_blocked, id=31236, stack(0x00000064b2200000,0x00000064b2300000) (1024K)]
  0x0000019417f8c9a0 JavaThread "Timer-111"                         [_thread_blocked, id=30584, stack(0x00000064a9f00000,0x00000064aa000000) (1024K)]
  0x0000019417f8a240 JavaThread "Connection worker"                 [_thread_blocked, id=30940, stack(0x000000649c000000,0x000000649c100000) (1024K)]
  0x0000019417f91860 JavaThread "Connection worker"                 [_thread_blocked, id=31400, stack(0x000000649e300000,0x000000649e400000) (1024K)]
  0x0000019417f92c10 JavaThread "Connection worker"                 [_thread_blocked, id=30236, stack(0x0000006486e00000,0x0000006486f00000) (1024K)]
  0x0000019417f932a0 JavaThread "Connection worker"                 [_thread_blocked, id=5432, stack(0x000000649b800000,0x000000649b900000) (1024K)]
  0x0000019417f86730 JavaThread "Connection worker"                 [_thread_blocked, id=26720, stack(0x0000006499900000,0x0000006499a00000) (1024K)]
  0x0000019417f8bc80 JavaThread "Connection worker"                 [_thread_blocked, id=30600, stack(0x0000006499300000,0x0000006499400000) (1024K)]
  0x0000019417f96720 JavaThread "Connection worker"                 [_thread_blocked, id=14380, stack(0x000000649af00000,0x000000649b000000) (1024K)]
  0x0000019417f987f0 JavaThread "Connection worker"                 [_thread_blocked, id=31656, stack(0x000000649ab00000,0x000000649ac00000) (1024K)]
  0x0000019417f97440 JavaThread "Connection worker"                 [_thread_blocked, id=31544, stack(0x0000006497e00000,0x0000006497f00000) (1024K)]
  0x0000019417f95a00 JavaThread "Connection worker"                 [_thread_blocked, id=28520, stack(0x000000649c200000,0x000000649c300000) (1024K)]
  0x0000019417f99ba0 JavaThread "Connection worker"                 [_thread_blocked, id=24968, stack(0x000000649c500000,0x000000649c600000) (1024K)]
  0x0000019417f9bc70 JavaThread "Connection worker"                 [_thread_blocked, id=27932, stack(0x0000006497000000,0x0000006497100000) (1024K)]
  0x0000019417f9b5e0 JavaThread "Connection worker"                 [_thread_blocked, id=2856, stack(0x0000006496c00000,0x0000006496d00000) (1024K)]
  0x0000019417f9c300 JavaThread "Connection worker"                 [_thread_blocked, id=24056, stack(0x0000006497c00000,0x0000006497d00000) (1024K)]
  0x0000019417f83940 JavaThread "Worker-608: Java indexing... "        [_thread_blocked, id=24708, stack(0x000000649cb00000,0x000000649cc00000) (1024K)]
  0x0000019417f9a8c0 JavaThread "Connection worker"                 [_thread_blocked, id=24516, stack(0x000000649a800000,0x000000649a900000) (1024K)]
  0x0000019417f9d020 JavaThread "Connection worker"                 [_thread_blocked, id=24816, stack(0x000000649aa00000,0x000000649ab00000) (1024K)]
  0x0000019417f9d6b0 JavaThread "Connection worker"                 [_thread_blocked, id=26912, stack(0x0000006489300000,0x0000006489400000) (1024K)]
  0x0000019417f9f0f0 JavaThread "Connection worker"                 [_thread_blocked, id=18836, stack(0x0000006498500000,0x0000006498600000) (1024K)]
  0x0000019417f9f780 JavaThread "Connection worker"                 [_thread_blocked, id=2852, stack(0x0000006496d00000,0x0000006496e00000) (1024K)]
  0x0000019417f86dc0 JavaThread "Connection worker"                 [_thread_blocked, id=26932, stack(0x0000006494600000,0x0000006494700000) (1024K)]
  0x0000019417f8f790 JavaThread "Connection worker"                 [_thread_blocked, id=26804, stack(0x000000649a400000,0x000000649a500000) (1024K)]
  0x0000019417f8e3e0 JavaThread "Connection worker"                 [_thread_blocked, id=23240, stack(0x0000006497400000,0x0000006497500000) (1024K)]
  0x0000019417f904b0 JavaThread "Connection worker"                 [_thread_blocked, id=21976, stack(0x0000006497800000,0x0000006497900000) (1024K)]
  0x0000019417f90b40 JavaThread "Connection worker"                 [_thread_blocked, id=24956, stack(0x0000006498900000,0x0000006498a00000) (1024K)]
  0x0000019417f96090 JavaThread "Connection worker"                 [_thread_blocked, id=30116, stack(0x0000006499000000,0x0000006499100000) (1024K)]
  0x0000019417f93930 JavaThread "Connection worker"                 [_thread_blocked, id=30280, stack(0x0000006499100000,0x0000006499200000) (1024K)]
  0x0000019417f9a230 JavaThread "Connection worker"                 [_thread_blocked, id=30300, stack(0x0000006499600000,0x0000006499700000) (1024K)]
  0x0000019417f98160 JavaThread "Connection worker"                 [_thread_blocked, id=30140, stack(0x000000649a100000,0x000000649a200000) (1024K)]
  0x0000019417f9e3d0 JavaThread "Connection worker"                 [_thread_blocked, id=25536, stack(0x000000649a500000,0x000000649a600000) (1024K)]
  0x0000019417f9ea60 JavaThread "Connection worker"                 [_thread_blocked, id=30168, stack(0x000000649a600000,0x000000649a700000) (1024K)]
  0x0000019417fa04a0 JavaThread "Connection worker"                 [_thread_blocked, id=30396, stack(0x000000649a700000,0x000000649a800000) (1024K)]
  0x0000019417fa0b30 JavaThread "Connection worker"                 [_thread_blocked, id=20392, stack(0x000000649ad00000,0x000000649ae00000) (1024K)]
  0x0000019417fa4640 JavaThread "Connection worker"                 [_thread_blocked, id=30592, stack(0x000000649b400000,0x000000649b500000) (1024K)]
  0x0000019417fa2570 JavaThread "Connection worker"                 [_thread_blocked, id=30488, stack(0x000000649a300000,0x000000649a400000) (1024K)]
  0x0000019417fa4cd0 JavaThread "Connection worker"                 [_thread_blocked, id=18640, stack(0x000000649b500000,0x000000649b600000) (1024K)]
  0x0000019417f911d0 JavaThread "Connection worker"                 [_thread_blocked, id=30660, stack(0x0000006497200000,0x0000006497300000) (1024K)]
  0x0000019417fa3fb0 JavaThread "Connection worker"                 [_thread_blocked, id=14672, stack(0x0000006498300000,0x0000006498400000) (1024K)]
  0x0000019417fa3290 JavaThread "Connection worker"                 [_thread_blocked, id=29052, stack(0x000000649b100000,0x000000649b200000) (1024K)]
  0x0000019417fa5360 JavaThread "Connection worker"                 [_thread_blocked, id=26508, stack(0x000000649ba00000,0x000000649bb00000) (1024K)]
  0x0000019417fa1ee0 JavaThread "Connection worker"                 [_thread_blocked, id=22392, stack(0x000000649be00000,0x000000649bf00000) (1024K)]
  0x0000019417f860a0 JavaThread "Connection worker"                 [_thread_blocked, id=23308, stack(0x0000006495d00000,0x0000006495e00000) (1024K)]
  0x0000019417fa2c00 JavaThread "Connection worker"                 [_thread_blocked, id=29456, stack(0x0000006497300000,0x0000006497400000) (1024K)]
  0x0000019417fa87e0 JavaThread "Connection worker"                 [_thread_blocked, id=27192, stack(0x000000648be00000,0x000000648bf00000) (1024K)]
  0x0000019417fa7430 JavaThread "Connection worker"                 [_thread_blocked, id=25680, stack(0x0000006497700000,0x0000006497800000) (1024K)]
  0x0000019417fa6080 JavaThread "Connection worker"                 [_thread_blocked, id=29492, stack(0x0000006497a00000,0x0000006497b00000) (1024K)]
  0x0000019417fa6da0 JavaThread "Connection worker"                 [_thread_blocked, id=8544, stack(0x0000006498000000,0x0000006498100000) (1024K)]
  0x0000019417fa7ac0 JavaThread "Connection worker"                 [_thread_blocked, id=27964, stack(0x0000006499400000,0x0000006499500000) (1024K)]
  0x0000019417fa8150 JavaThread "Connection worker"                 [_thread_blocked, id=26452, stack(0x0000006499e00000,0x0000006499f00000) (1024K)]
  0x0000019417fa59f0 JavaThread "Connection worker"                 [_thread_blocked, id=26716, stack(0x0000006498100000,0x0000006498200000) (1024K)]
  0x0000019417fa6710 JavaThread "Connection worker"                 [_thread_blocked, id=28468, stack(0x0000006497100000,0x0000006497200000) (1024K)]
  0x0000019417f6b610 JavaThread "Connection worker"                 [_thread_blocked, id=28316, stack(0x0000006498c00000,0x0000006498d00000) (1024K)]
  0x0000019417f6a8f0 JavaThread "Connection worker"                 [_thread_blocked, id=29656, stack(0x0000006497600000,0x0000006497700000) (1024K)]
  0x0000019417f69bd0 JavaThread "Connection worker"                 [_thread_blocked, id=30044, stack(0x0000006498700000,0x0000006498800000) (1024K)]
  0x0000019417f6af80 JavaThread "Connection worker"                 [_thread_blocked, id=26776, stack(0x0000006498200000,0x0000006498300000) (1024K)]
  0x0000019417f6a260 JavaThread "Connection worker"                 [_thread_blocked, id=28508, stack(0x0000006499200000,0x0000006499300000) (1024K)]
  0x0000019417f68820 JavaThread "Connection worker"                 [_thread_blocked, id=11624, stack(0x0000006497900000,0x0000006497a00000) (1024K)]
  0x0000019417f6bca0 JavaThread "Connection worker"                 [_thread_blocked, id=30796, stack(0x0000006498400000,0x0000006498500000) (1024K)]
  0x0000019417f6c330 JavaThread "Connection worker"                 [_thread_blocked, id=31540, stack(0x0000006499b00000,0x0000006499c00000) (1024K)]
  0x0000019417f68eb0 JavaThread "Connection worker"                 [_thread_blocked, id=31568, stack(0x0000006499a00000,0x0000006499b00000) (1024K)]
  0x0000019417f6c9c0 JavaThread "Connection worker"                 [_thread_blocked, id=31632, stack(0x0000006499d00000,0x0000006499e00000) (1024K)]
  0x0000019417f69540 JavaThread "Connection worker"                 [_thread_blocked, id=30240, stack(0x000000649ac00000,0x000000649ad00000) (1024K)]
  0x0000019417f6d6e0 JavaThread "Connection worker"                 [_thread_blocked, id=25560, stack(0x000000649b300000,0x000000649b400000) (1024K)]
  0x0000019417f6f7b0 JavaThread "Connection worker"                 [_thread_blocked, id=25656, stack(0x000000649bc00000,0x000000649bd00000) (1024K)]
  0x0000019417f6d050 JavaThread "Connection worker"                 [_thread_blocked, id=30232, stack(0x000000649bf00000,0x000000649c000000) (1024K)]
  0x0000019417f6fe40 JavaThread "Connection worker"                 [_thread_blocked, id=22816, stack(0x0000006498b00000,0x0000006498c00000) (1024K)]
  0x0000019417f6f120 JavaThread "Connection worker"                 [_thread_blocked, id=26560, stack(0x0000006499c00000,0x0000006499d00000) (1024K)]
  0x0000019417f71880 JavaThread "Connection worker"                 [_thread_blocked, id=19604, stack(0x000000649c300000,0x000000649c400000) (1024K)]
  0x0000019417f6e400 JavaThread "Connection worker"                 [_thread_blocked, id=30244, stack(0x000000649c600000,0x000000649c700000) (1024K)]
  0x000001941808ab10 JavaThread "pool-112-thread-1"                 [_thread_blocked, id=19424, stack(0x000000649cc00000,0x000000649cd00000) (1024K)]
  0x0000019418090d80 JavaThread "Worker-673: Check JDK Index"        [_thread_blocked, id=29876, stack(0x000000649c800000,0x000000649c900000) (1024K)]
  0x0000019418091410 JavaThread "Worker-674: Initialize workspace"        [_thread_blocked, id=26288, stack(0x000000649d000000,0x000000649d100000) (1024K)]
  0x000001941808ecb0 JavaThread "Exec process"                      [_thread_in_native, id=20236, stack(0x000000649d400000,0x000000649d500000) (1024K)]
  0x00000194180906f0 JavaThread "Exec process Thread 2"             [_thread_blocked, id=22640, stack(0x000000649d700000,0x000000649d800000) (1024K)]
  0x0000019418090060 JavaThread "Exec process"                      [_thread_in_native, id=28000, stack(0x0000006489400000,0x0000006489500000) (1024K)]
  0x000001941808f340 JavaThread "Timer-112"                         [_thread_blocked, id=5104, stack(0x000000649d800000,0x000000649d900000) (1024K)]
  0x00000194180955b0 JavaThread "Exec process Thread 2"             [_thread_blocked, id=20716, stack(0x000000649dc00000,0x000000649dd00000) (1024K)]
  0x0000019418094200 JavaThread "Exec process"                      [_thread_in_native, id=21700, stack(0x000000649db00000,0x000000649dc00000) (1024K)]
  0x00000194180934e0 JavaThread "Exec process Thread 2"             [_thread_blocked, id=25320, stack(0x000000649de00000,0x000000649df00000) (1024K)]
  0x0000019418099750 JavaThread "Exec process"                      [_thread_in_native, id=17400, stack(0x000000649eb00000,0x000000649ec00000) (1024K)]
  0x000001941809ab00 JavaThread "Exec process Thread 2"             [_thread_blocked, id=24032, stack(0x000000649ee00000,0x000000649ef00000) (1024K)]
  0x000001941809b820 JavaThread "Exec process"                      [_thread_in_native, id=28360, stack(0x000000649ed00000,0x000000649ee00000) (1024K)]
  0x000001941809beb0 JavaThread "Exec process Thread 2"             [_thread_blocked, id=25944, stack(0x000000649f000000,0x000000649f100000) (1024K)]
  0x00000194180983a0 JavaThread "Exec process"                      [_thread_in_native, id=27044, stack(0x000000649ef00000,0x000000649f000000) (1024K)]
  0x000001941809f330 JavaThread "Exec process"                      [_thread_in_native, id=29592, stack(0x000000649f200000,0x000000649f300000) (1024K)]
  0x000001941809d260 JavaThread "Exec process Thread 2"             [_thread_blocked, id=24856, stack(0x000000649f500000,0x000000649f600000) (1024K)]
  0x000001941809e610 JavaThread "Exec process Thread 2"             [_thread_blocked, id=21016, stack(0x000000649f600000,0x000000649f700000) (1024K)]
  0x000001941809f9c0 JavaThread "Exec process"                      [_thread_in_native, id=21228, stack(0x000000649f700000,0x000000649f800000) (1024K)]
  0x00000194180a0050 JavaThread "Exec process Thread 2"             [_thread_blocked, id=3288, stack(0x000000649fa00000,0x000000649fb00000) (1024K)]
  0x00000194180a06e0 JavaThread "Exec process"                      [_thread_in_native, id=19908, stack(0x000000649fd00000,0x000000649fe00000) (1024K)]
  0x00000194180a27b0 JavaThread "Exec process Thread 2"             [_thread_blocked, id=21688, stack(0x000000649fe00000,0x000000649ff00000) (1024K)]
  0x00000194180a1400 JavaThread "Exec process"                      [_thread_in_native, id=22872, stack(0x000000649ff00000,0x00000064a0000000) (1024K)]
  0x00000194180a0d70 JavaThread "Exec process Thread 2"             [_thread_blocked, id=9008, stack(0x00000064a0000000,0x00000064a0100000) (1024K)]
  0x00000194180a2e40 JavaThread "Exec process"                      [_thread_in_native, id=20508, stack(0x000000649fb00000,0x000000649fc00000) (1024K)]
  0x00000194180a3b60 JavaThread "Exec process Thread 2"             [_thread_blocked, id=15392, stack(0x00000064a0300000,0x00000064a0400000) (1024K)]
  0x00000194180a34d0 JavaThread "Exec process"                      [_thread_in_native, id=19460, stack(0x00000064a0200000,0x00000064a0300000) (1024K)]
  0x00000194180a1a90 JavaThread "Exec process"                      [_thread_in_native, id=20872, stack(0x00000064a0400000,0x00000064a0500000) (1024K)]
  0x00000194180a2120 JavaThread "Exec process"                      [_thread_in_native, id=21152, stack(0x00000064a0500000,0x00000064a0600000) (1024K)]
  0x00000194180a7670 JavaThread "Exec process Thread 2"             [_thread_blocked, id=20788, stack(0x00000064a0700000,0x00000064a0800000) (1024K)]
  0x00000194180a5c30 JavaThread "Exec process Thread 2"             [_thread_blocked, id=20932, stack(0x00000064a0800000,0x00000064a0900000) (1024K)]
  0x00000194180a6fe0 JavaThread "Exec process Thread 2"             [_thread_blocked, id=28304, stack(0x00000064a0900000,0x00000064a0a00000) (1024K)]
  0x00000194180a62c0 JavaThread "Exec process"                      [_thread_in_native, id=22072, stack(0x00000064a0a00000,0x00000064a0b00000) (1024K)]
  0x00000194180a41f0 JavaThread "Exec process Thread 2"             [_thread_blocked, id=28952, stack(0x00000064a0b00000,0x00000064a0c00000) (1024K)]
  0x00000194180a6950 JavaThread "Exec process"                      [_thread_in_native, id=28928, stack(0x00000064a0600000,0x00000064a0700000) (1024K)]
  0x00000194180a7d00 JavaThread "Exec process Thread 2"             [_thread_blocked, id=2824, stack(0x00000064a0d00000,0x00000064a0e00000) (1024K)]
  0x00000194180a4880 JavaThread "Exec process"                      [_thread_in_native, id=25164, stack(0x00000064a0c00000,0x00000064a0d00000) (1024K)]
  0x00000194180a4f10 JavaThread "Exec process Thread 2"             [_thread_blocked, id=19592, stack(0x00000064a1000000,0x00000064a1100000) (1024K)]
  0x00000194180a8a20 JavaThread "Exec process"                      [_thread_in_native, id=11200, stack(0x00000064a1100000,0x00000064a1200000) (1024K)]
  0x00000194180a8390 JavaThread "Exec process Thread 2"             [_thread_blocked, id=28424, stack(0x00000064a1200000,0x00000064a1300000) (1024K)]
  0x00000194180a55a0 JavaThread "Exec process"                      [_thread_in_native, id=27164, stack(0x00000064a0f00000,0x00000064a1000000) (1024K)]
  0x0000019416bb84d0 JavaThread "Exec process"                      [_thread_in_native, id=24288, stack(0x00000064a1300000,0x00000064a1400000) (1024K)]
  0x0000019416bb6a90 JavaThread "Exec process Thread 2"             [_thread_blocked, id=21500, stack(0x00000064a1700000,0x00000064a1800000) (1024K)]
  0x0000019416bb77b0 JavaThread "Exec process"                      [_thread_in_native, id=20900, stack(0x00000064a1900000,0x00000064a1a00000) (1024K)]
  0x0000019416bb7e40 JavaThread "Exec process Thread 2"             [_thread_blocked, id=22900, stack(0x00000064a1b00000,0x00000064a1c00000) (1024K)]
  0x0000019416bb7120 JavaThread "Exec process Thread 2"             [_thread_blocked, id=23216, stack(0x00000064a1c00000,0x00000064a1d00000) (1024K)]
  0x0000019416bbac30 JavaThread "Exec process"                      [_thread_in_native, id=19900, stack(0x00000064a1600000,0x00000064a1700000) (1024K)]
  0x0000019416bb9f10 JavaThread "Exec process Thread 2"             [_thread_blocked, id=21372, stack(0x00000064a1d00000,0x00000064a1e00000) (1024K)]
  0x0000019416bbb2c0 JavaThread "Exec process"                      [_thread_in_native, id=21108, stack(0x00000064a1a00000,0x00000064a1b00000) (1024K)]
  0x0000019416bbb950 JavaThread "Exec process"                      [_thread_in_native, id=21480, stack(0x00000064a1e00000,0x00000064a1f00000) (1024K)]
  0x0000019416b9da40 JavaThread "Exec process Thread 2"             [_thread_blocked, id=21508, stack(0x00000064a2000000,0x00000064a2100000) (1024K)]
  0x0000019416bb91f0 JavaThread "Exec process"                      [_thread_in_native, id=19736, stack(0x00000064a1f00000,0x00000064a2000000) (1024K)]
  0x0000019416b9cd20 JavaThread "Exec process Thread 2"             [_thread_blocked, id=25188, stack(0x00000064a2200000,0x00000064a2300000) (1024K)]
  0x0000019416b9edf0 JavaThread "Exec process Thread 2"             [_thread_blocked, id=29204, stack(0x00000064a2400000,0x00000064a2500000) (1024K)]
  0x0000019416b9c690 JavaThread "Exec process"                      [_thread_in_native, id=22688, stack(0x00000064a2500000,0x00000064a2600000) (1024K)]
  0x0000019416ba01a0 JavaThread "Exec process Thread 2"             [_thread_blocked, id=31548, stack(0x00000064a2b00000,0x00000064a2c00000) (1024K)]
  0x0000019416ba1550 JavaThread "Exec process"                      [_thread_in_native, id=30080, stack(0x00000064a2d00000,0x00000064a2e00000) (1024K)]
  0x0000019416b9fb10 JavaThread "Exec process"                      [_thread_in_native, id=30164, stack(0x00000064a2800000,0x00000064a2900000) (1024K)]
  0x0000019416ba2900 JavaThread "Exec process Thread 2"             [_thread_blocked, id=27864, stack(0x00000064a2e00000,0x00000064a2f00000) (1024K)]
  0x0000019416ba2f90 JavaThread "Exec process Thread 2"             [_thread_blocked, id=19912, stack(0x00000064a2f00000,0x00000064a3000000) (1024K)]
  0x0000019416ba0830 JavaThread "Exec process"                      [_thread_in_native, id=14104, stack(0x00000064a2c00000,0x00000064a2d00000) (1024K)]
  0x0000019416ba56f0 JavaThread "Exec process Thread 2"             [_thread_blocked, id=5248, stack(0x00000064a3100000,0x00000064a3200000) (1024K)]
  0x0000019416ba5060 JavaThread "Exec process"                      [_thread_in_native, id=24548, stack(0x00000064a3400000,0x00000064a3500000) (1024K)]
  0x0000019416ba2270 JavaThread "Exec process Thread 2"             [_thread_blocked, id=8444, stack(0x00000064a3600000,0x00000064a3700000) (1024K)]
  0x0000019416ba7130 JavaThread "Exec process"                      [_thread_in_native, id=23060, stack(0x00000064a3200000,0x00000064a3300000) (1024K)]
  0x0000019416ba6410 JavaThread "Exec process Thread 2"             [_thread_blocked, id=25812, stack(0x00000064a3900000,0x00000064a3a00000) (1024K)]
  0x0000019416ba77c0 JavaThread "Exec process"                      [_thread_in_native, id=21856, stack(0x00000064a3a00000,0x00000064a3b00000) (1024K)]
  0x0000019416ba8b70 JavaThread "Exec process Thread 2"             [_thread_blocked, id=21324, stack(0x00000064a3d00000,0x00000064a3e00000) (1024K)]
  0x0000019416ba6aa0 JavaThread "Exec process"                      [_thread_in_native, id=25252, stack(0x00000064a3700000,0x00000064a3800000) (1024K)]
  0x0000019416ba4340 JavaThread "Exec process"                      [_thread_in_native, id=28308, stack(0x00000064a3800000,0x00000064a3900000) (1024K)]
  0x0000019416ba9890 JavaThread "Exec process Thread 2"             [_thread_blocked, id=28356, stack(0x00000064a3e00000,0x00000064a3f00000) (1024K)]
  0x0000019416ba9200 JavaThread "Exec process"                      [_thread_in_native, id=19392, stack(0x00000064a3f00000,0x00000064a4000000) (1024K)]
  0x0000019416bab2d0 JavaThread "Exec process Thread 2"             [_thread_blocked, id=5220, stack(0x00000064a4000000,0x00000064a4100000) (1024K)]
  0x0000019416baac40 JavaThread "Exec process"                      [_thread_in_native, id=24260, stack(0x00000064a3b00000,0x00000064a3c00000) (1024K)]
  0x0000019416ba9f20 JavaThread "Exec process Thread 2"             [_thread_blocked, id=9832, stack(0x00000064a4200000,0x00000064a4300000) (1024K)]
  0x0000019416bac680 JavaThread "Exec process Thread 2"             [_thread_blocked, id=25756, stack(0x00000064a4400000,0x00000064a4500000) (1024K)]
  0x0000019416ba84e0 JavaThread "Exec process"                      [_thread_in_native, id=24904, stack(0x00000064a4100000,0x00000064a4200000) (1024K)]
  0x0000019416ba7e50 JavaThread "Exec process"                      [_thread_in_native, id=30316, stack(0x00000064a4300000,0x00000064a4400000) (1024K)]
  0x0000019416bab960 JavaThread "Exec process"                      [_thread_in_native, id=29776, stack(0x00000064a4500000,0x00000064a4600000) (1024K)]
  0x0000019416baede0 JavaThread "Exec process"                      [_thread_in_native, id=21216, stack(0x00000064a4600000,0x00000064a4700000) (1024K)]
  0x0000019416baf470 JavaThread "Exec process Thread 2"             [_thread_blocked, id=24920, stack(0x00000064a4900000,0x00000064a4a00000) (1024K)]
  0x0000019416bacd10 JavaThread "Exec process Thread 2"             [_thread_blocked, id=25424, stack(0x00000064a4b00000,0x00000064a4c00000) (1024K)]
  0x0000019416bad3a0 JavaThread "Exec process"                      [_thread_in_native, id=25908, stack(0x00000064a4a00000,0x00000064a4b00000) (1024K)]
  0x0000019416bb1bd0 JavaThread "Exec process Thread 2"             [_thread_blocked, id=20408, stack(0x00000064a4f00000,0x00000064a5000000) (1024K)]
  0x0000019416bb0190 JavaThread "Exec process Thread 2"             [_thread_blocked, id=19760, stack(0x00000064a4c00000,0x00000064a4d00000) (1024K)]
  0x0000019416bafb00 JavaThread "Exec process Thread 2"             [_thread_blocked, id=31268, stack(0x00000064a4e00000,0x00000064a4f00000) (1024K)]
  0x0000019416bb0820 JavaThread "Exec process"                      [_thread_in_native, id=30120, stack(0x00000064a5000000,0x00000064a5100000) (1024K)]
  0x0000019416bb1540 JavaThread "Exec process Thread 2"             [_thread_blocked, id=26080, stack(0x00000064a4800000,0x00000064a4900000) (1024K)]
  0x0000019416bb0eb0 JavaThread "Exec process"                      [_thread_in_native, id=30776, stack(0x00000064a5100000,0x00000064a5200000) (1024K)]
  0x0000019416bae0c0 JavaThread "Exec process"                      [_thread_in_native, id=28956, stack(0x00000064a5200000,0x00000064a5300000) (1024K)]
  0x0000019416bb3610 JavaThread "Exec process Thread 2"             [_thread_blocked, id=30192, stack(0x00000064a5400000,0x00000064a5500000) (1024K)]
  0x0000019416bb2f80 JavaThread "Exec process Thread 2"             [_thread_blocked, id=30680, stack(0x00000064a5600000,0x00000064a5700000) (1024K)]
  0x0000019416bae750 JavaThread "Exec process"                      [_thread_in_native, id=26252, stack(0x00000064a5300000,0x00000064a5400000) (1024K)]
  0x0000019416bb3ca0 JavaThread "Exec process"                      [_thread_in_native, id=20588, stack(0x00000064a5500000,0x00000064a5600000) (1024K)]
  0x0000019416bb49c0 JavaThread "Exec process Thread 2"             [_thread_blocked, id=31712, stack(0x00000064a5800000,0x00000064a5900000) (1024K)]
  0x0000019416bb5050 JavaThread "Exec process Thread 2"             [_thread_blocked, id=8552, stack(0x00000064a5900000,0x00000064a5a00000) (1024K)]
  0x0000019416bb28f0 JavaThread "Exec process"                      [_thread_in_native, id=19560, stack(0x00000064a5a00000,0x00000064a5b00000) (1024K)]
  0x0000019416bb4330 JavaThread "Exec process"                      [_thread_in_native, id=27820, stack(0x00000064a5b00000,0x00000064a5c00000) (1024K)]
  0x0000019416bb2260 JavaThread "Exec process Thread 2"             [_thread_blocked, id=18732, stack(0x00000064a5c00000,0x00000064a5d00000) (1024K)]
  0x0000019416bb6400 JavaThread "Exec process Thread 2"             [_thread_blocked, id=13792, stack(0x00000064a5e00000,0x00000064a5f00000) (1024K)]
  0x0000019416bb56e0 JavaThread "Exec process"                      [_thread_in_native, id=7568, stack(0x00000064a5700000,0x00000064a5800000) (1024K)]
  0x0000019416bb5d70 JavaThread "Exec process"                      [_thread_in_native, id=11944, stack(0x00000064a5d00000,0x00000064a5e00000) (1024K)]
  0x0000019417b3bb40 JavaThread "Exec process"                      [_thread_in_native, id=7972, stack(0x00000064a5f00000,0x00000064a6000000) (1024K)]
  0x0000019417b3c860 JavaThread "Exec process Thread 2"             [_thread_blocked, id=19836, stack(0x00000064a6100000,0x00000064a6200000) (1024K)]
  0x0000019417b40370 JavaThread "Exec process Thread 2"             [_thread_blocked, id=14540, stack(0x00000064a6300000,0x00000064a6400000) (1024K)]
  0x0000019417b3c1d0 JavaThread "Exec process Thread 2"             [_thread_blocked, id=26044, stack(0x00000064a6200000,0x00000064a6300000) (1024K)]
  0x0000019417b3cef0 JavaThread "Exec process"                      [_thread_in_native, id=15000, stack(0x00000064a6000000,0x00000064a6100000) (1024K)]
  0x0000019417b3e930 JavaThread "Exec process"                      [_thread_in_native, id=11520, stack(0x00000064a6400000,0x00000064a6500000) (1024K)]
  0x0000019417b3dc10 JavaThread "Exec process"                      [_thread_in_native, id=12604, stack(0x00000064a6500000,0x00000064a6600000) (1024K)]
  0x0000019417b3b4b0 JavaThread "Exec process Thread 2"             [_thread_blocked, id=6720, stack(0x00000064a6700000,0x00000064a6800000) (1024K)]
  0x0000019417b3fce0 JavaThread "Exec process Thread 2"             [_thread_blocked, id=14676, stack(0x00000064a6800000,0x00000064a6900000) (1024K)]
  0x0000019417b3f650 JavaThread "Exec process"                      [_thread_in_native, id=21600, stack(0x00000064a6600000,0x00000064a6700000) (1024K)]
  0x0000019417b40a00 JavaThread "Exec process Thread 2"             [_thread_blocked, id=26880, stack(0x00000064a6a00000,0x00000064a6b00000) (1024K)]
  0x0000019417b41090 JavaThread "Exec process Thread 2"             [_thread_blocked, id=19932, stack(0x00000064a6c00000,0x00000064a6d00000) (1024K)]
  0x0000019417b3e2a0 JavaThread "Exec process"                      [_thread_in_native, id=21884, stack(0x00000064a6900000,0x00000064a6a00000) (1024K)]
  0x0000019417b3d580 JavaThread "Exec process Thread 2"             [_thread_blocked, id=22024, stack(0x00000064a6d00000,0x00000064a6e00000) (1024K)]
  0x0000019417b3efc0 JavaThread "Exec process"                      [_thread_in_native, id=23420, stack(0x00000064a6e00000,0x00000064a6f00000) (1024K)]
  0x0000019417b44510 JavaThread "Exec process Thread 2"             [_thread_blocked, id=29136, stack(0x00000064a7200000,0x00000064a7300000) (1024K)]
  0x0000019417b41720 JavaThread "Exec process"                      [_thread_in_native, id=28444, stack(0x00000064a6b00000,0x00000064a6c00000) (1024K)]
  0x0000019417b44ba0 JavaThread "Exec process"                      [_thread_in_native, id=21452, stack(0x00000064a6f00000,0x00000064a7000000) (1024K)]
  0x0000019417b42440 JavaThread "Exec process Thread 2"             [_thread_blocked, id=12800, stack(0x00000064a7400000,0x00000064a7500000) (1024K)]
  0x0000019417b42ad0 JavaThread "Exec process Thread 2"             [_thread_blocked, id=30964, stack(0x00000064a7600000,0x00000064a7700000) (1024K)]
  0x0000019417b41db0 JavaThread "Exec process"                      [_thread_in_native, id=25076, stack(0x00000064a7500000,0x00000064a7600000) (1024K)]
  0x0000019417b45230 JavaThread "Exec process Thread 2"             [_thread_blocked, id=22888, stack(0x00000064a7700000,0x00000064a7800000) (1024K)]
  0x0000019417b45f50 JavaThread "Exec process"                      [_thread_in_native, id=15492, stack(0x00000064a7800000,0x00000064a7900000) (1024K)]
  0x0000019417b465e0 JavaThread "Exec process"                      [_thread_in_native, id=26588, stack(0x00000064a7300000,0x00000064a7400000) (1024K)]
  0x0000019417b46c70 JavaThread "Exec process Thread 2"             [_thread_blocked, id=25844, stack(0x00000064a7a00000,0x00000064a7b00000) (1024K)]
  0x0000019417b437f0 JavaThread "Exec process Thread 2"             [_thread_blocked, id=22868, stack(0x00000064a7b00000,0x00000064a7c00000) (1024K)]
  0x0000019417b43160 JavaThread "Exec process"                      [_thread_in_native, id=21876, stack(0x00000064a7900000,0x00000064a7a00000) (1024K)]
  0x0000019417b4ae10 JavaThread "Exec process Thread 2"             [_thread_blocked, id=14800, stack(0x00000064a7d00000,0x00000064a7e00000) (1024K)]
  0x0000019417b48020 JavaThread "Exec process"                      [_thread_in_native, id=20748, stack(0x00000064a7c00000,0x00000064a7d00000) (1024K)]
  0x0000019417b47990 JavaThread "Exec process Thread 2"             [_thread_blocked, id=27848, stack(0x00000064a7f00000,0x00000064a8000000) (1024K)]
  0x0000019417b4a0f0 JavaThread "Exec process"                      [_thread_in_native, id=23124, stack(0x00000064a7e00000,0x00000064a7f00000) (1024K)]
  0x0000019417b48d40 JavaThread "Exec process Thread 2"             [_thread_blocked, id=21532, stack(0x00000064a8100000,0x00000064a8200000) (1024K)]
  0x0000019417b4b4a0 JavaThread "Exec process"                      [_thread_in_native, id=31088, stack(0x00000064a8200000,0x00000064a8300000) (1024K)]
  0x0000019417b493d0 JavaThread "Exec process"                      [_thread_in_native, id=22772, stack(0x00000064a8400000,0x00000064a8500000) (1024K)]
  0x0000019417b486b0 JavaThread "Exec process"                      [_thread_in_native, id=26328, stack(0x00000064a8500000,0x00000064a8600000) (1024K)]
  0x0000019417b4e920 JavaThread "Exec process Thread 2"             [_thread_blocked, id=24392, stack(0x00000064a8900000,0x00000064a8a00000) (1024K)]
  0x0000019417b4dc00 JavaThread "Exec process Thread 2"             [_thread_blocked, id=21808, stack(0x00000064a8a00000,0x00000064a8b00000) (1024K)]
  0x0000019417b4f640 JavaThread "Exec process Thread 2"             [_thread_blocked, id=30652, stack(0x00000064a8d00000,0x00000064a8e00000) (1024K)]
  0x0000019417b4a780 JavaThread "Worker-714: Initialize workspace"        [_thread_blocked, id=32560, stack(0x0000006496300000,0x0000006496400000) (1024K)]
  0x0000019417b51da0 JavaThread "Worker-715: Check JDK Index"        [_thread_blocked, id=32616, stack(0x000000649a200000,0x000000649a300000) (1024K)]
  0x0000019417b58010 JavaThread "Connection worker"                 [_thread_blocked, id=31972, stack(0x000000649da00000,0x000000649db00000) (1024K)]
  0x0000019417b57980 JavaThread "Timer-113"                         [_thread_blocked, id=5564, stack(0x0000006490e00000,0x0000006490f00000) (1024K)]
  0x0000019417b59a50 JavaThread "pool-114-thread-1"                 [_thread_blocked, id=32536, stack(0x000000648e300000,0x000000648e400000) (1024K)]
  0x0000019417b4efb0 JavaThread "Worker-723: Initialize workspace"        [_thread_blocked, id=16196, stack(0x00000064a8b00000,0x00000064a8c00000) (1024K)]
  0x0000019417b5a770 JavaThread "Worker-725: Check JDK Index"        [_thread_blocked, id=32008, stack(0x0000006494100000,0x0000006494200000) (1024K)]
  0x0000019417b54b90 JavaThread "Timer-114"                         [_thread_blocked, id=20688, stack(0x000000649e900000,0x000000649ea00000) (1024K)]
  0x0000019417f84cf0 JavaThread "Worker-733: Check JDK Index"        [_thread_blocked, id=21080, stack(0x000000649c700000,0x000000649c800000) (1024K)]
  0x0000019417f87ae0 JavaThread "Connection worker"                 [_thread_blocked, id=31980, stack(0x00000064a9200000,0x00000064a9300000) (1024K)]
  0x0000019417f88800 JavaThread "pool-116-thread-1"                 [_thread_blocked, id=25180, stack(0x00000064a9300000,0x00000064a9400000) (1024K)]
  0x0000019417f85380 JavaThread "Worker-736: Initialize workspace"        [_thread_blocked, id=31956, stack(0x00000064a9500000,0x00000064a9600000) (1024K)]
  0x0000019417f6dd70 JavaThread "Timer-115"                         [_thread_blocked, id=32452, stack(0x0000006488e00000,0x0000006488f00000) (1024K)]
  0x0000019417f89520 JavaThread "Worker-743: Initialize workspace"        [_thread_blocked, id=30128, stack(0x000000648c700000,0x000000648c800000) (1024K)]
  0x0000019417f8b5f0 JavaThread "Connection worker"                 [_thread_blocked, id=32320, stack(0x0000006499800000,0x0000006499900000) (1024K)]
  0x0000019417f85a10 JavaThread "Timer-116"                         [_thread_blocked, id=20880, stack(0x000000648b800000,0x000000648b900000) (1024K)]
  0x0000019417f8a8d0 JavaThread "Connection worker"                 [_thread_blocked, id=32356, stack(0x0000006494800000,0x0000006494900000) (1024K)]
  0x0000019417f87450 JavaThread "Exec process"                      [_thread_in_native, id=31380, stack(0x000000648e100000,0x000000648e200000) (1024K)]
  0x0000019417f88e90 JavaThread "Exec process"                      [_thread_in_native, id=21608, stack(0x0000006494a00000,0x0000006494b00000) (1024K)]
  0x0000019417f8fe20 JavaThread "pool-117-thread-1"                 [_thread_blocked, id=16132, stack(0x000000648b500000,0x000000648b600000) (1024K)]
  0x0000019417fa11c0 JavaThread "Exec process Thread 2"             [_thread_blocked, id=32748, stack(0x0000006489600000,0x0000006489700000) (1024K)]
  0x0000019417f8d030 JavaThread "Exec process Thread 2"             [_thread_blocked, id=30504, stack(0x000000648a700000,0x000000648a800000) (1024K)]
  0x0000019417f9fe10 JavaThread "Worker-754: Initialize workspace"        [_thread_blocked, id=32636, stack(0x0000006487000000,0x0000006487100000) (1024K)]
  0x0000019417f9dd40 JavaThread "Worker-755: Check JDK Index"        [_thread_blocked, id=30392, stack(0x000000648b100000,0x000000648b200000) (1024K)]
  0x0000019417fa3920 JavaThread "Exec process"                      [_thread_in_native, id=31892, stack(0x000000648b900000,0x000000648ba00000) (1024K)]
  0x0000019417f6ea90 JavaThread "Exec process Thread 2"             [_thread_blocked, id=19268, stack(0x000000648db00000,0x000000648dc00000) (1024K)]
  0x0000019417f711f0 JavaThread "Exec process"                      [_thread_in_native, id=32344, stack(0x000000648f000000,0x000000648f100000) (1024K)]
  0x0000019417f82c20 JavaThread "Connection worker"                 [_thread_blocked, id=28708, stack(0x0000006488d00000,0x0000006488e00000) (1024K)]
  0x0000019417f832b0 JavaThread "Timer-117"                         [_thread_blocked, id=21036, stack(0x0000006491600000,0x0000006491700000) (1024K)]
  0x0000019417f8af60 JavaThread "Exec process Thread 2"             [_thread_blocked, id=32760, stack(0x0000006494f00000,0x0000006495000000) (1024K)]
  0x0000019417f88170 JavaThread "pool-118-thread-1"                 [_thread_blocked, id=20380, stack(0x0000006491e00000,0x0000006491f00000) (1024K)]
  0x0000019417f732c0 JavaThread "Worker-762: Initialize workspace"        [_thread_blocked, id=32704, stack(0x000000648d700000,0x000000648d800000) (1024K)]
  0x0000019417f71f10 JavaThread "Worker-764: Check JDK Index"        [_thread_blocked, id=32064, stack(0x000000648f600000,0x000000648f700000) (1024K)]
  0x0000019417f725a0 JavaThread "Exec process"                      [_thread_in_native, id=32196, stack(0x0000006495100000,0x0000006495200000) (1024K)]
  0x0000019417f72c30 JavaThread "Connection worker"                 [_thread_blocked, id=32412, stack(0x0000006495600000,0x0000006495700000) (1024K)]
  0x0000019417f760b0 JavaThread "Exec process Thread 2"             [_thread_blocked, id=14660, stack(0x0000006496600000,0x0000006496700000) (1024K)]
  0x0000019417f74d00 JavaThread "pool-119-thread-1"                 [_thread_blocked, id=20548, stack(0x0000006496800000,0x0000006496900000) (1024K)]
  0x0000019417f73950 JavaThread "Timer-118"                         [_thread_blocked, id=25896, stack(0x0000006496200000,0x0000006496300000) (1024K)]
  0x0000019417f76740 JavaThread "Exec process"                      [_thread_in_native, id=28416, stack(0x0000006497f00000,0x0000006498000000) (1024K)]
  0x0000019417f73fe0 JavaThread "Exec process Thread 2"             [_thread_blocked, id=24572, stack(0x0000006498800000,0x0000006498900000) (1024K)]
  0x0000019417f704d0 JavaThread "Worker-773: Initialize workspace"        [_thread_blocked, id=29652, stack(0x0000006495700000,0x0000006495800000) (1024K)]
  0x0000019417f8ea70 JavaThread "Worker-775: Check JDK Index"        [_thread_blocked, id=31456, stack(0x0000006495200000,0x0000006495300000) (1024K)]
  0x0000019417f93fc0 JavaThread "Connection worker"                 [_thread_blocked, id=32732, stack(0x0000006497d00000,0x0000006497e00000) (1024K)]
  0x0000019417f70b60 JavaThread "pool-120-thread-1"                 [_thread_blocked, id=28380, stack(0x0000006498600000,0x0000006498700000) (1024K)]
  0x0000019417f76dd0 JavaThread "Exec process"                      [_thread_in_native, id=28200, stack(0x0000006498a00000,0x0000006498b00000) (1024K)]
  0x0000019417f78810 JavaThread "Exec process Thread 2"             [_thread_blocked, id=24428, stack(0x0000006499700000,0x0000006499800000) (1024K)]
  0x0000019417f74670 JavaThread "Timer-119"                         [_thread_blocked, id=30124, stack(0x0000006499500000,0x0000006499600000) (1024K)]
  0x0000019417f75a20 JavaThread "Worker-784: Initialize workspace"        [_thread_blocked, id=29060, stack(0x0000006498f00000,0x0000006499000000) (1024K)]
  0x0000019417f75390 JavaThread "Worker-786: Check JDK Index"        [_thread_blocked, id=28900, stack(0x0000006498e00000,0x0000006498f00000) (1024K)]
  0x0000019417f78ea0 JavaThread "Connection worker"                 [_thread_blocked, id=23500, stack(0x000000649ae00000,0x000000649af00000) (1024K)]
  0x0000019417f79530 JavaThread "pool-121-thread-1"                 [_thread_blocked, id=8536, stack(0x000000649b200000,0x000000649b300000) (1024K)]
  0x0000019417f79bc0 JavaThread "Exec process"                      [_thread_in_native, id=29720, stack(0x000000649b000000,0x000000649b100000) (1024K)]
  0x0000019417f77460 JavaThread "Exec process Thread 2"             [_thread_blocked, id=21184, stack(0x000000649b900000,0x000000649ba00000) (1024K)]
  0x0000019417f7af70 JavaThread "Timer-120"                         [_thread_blocked, id=28600, stack(0x000000649bb00000,0x000000649bc00000) (1024K)]
  0x0000019417f77af0 JavaThread "Worker-795: Initialize workspace"        [_thread_blocked, id=21268, stack(0x000000649a000000,0x000000649a100000) (1024K)]
  0x0000019417f78180 JavaThread "Worker-797: Check JDK Index"        [_thread_blocked, id=30988, stack(0x000000649a900000,0x000000649aa00000) (1024K)]
  0x0000019417f7d6d0 JavaThread "Connection worker"                 [_thread_blocked, id=23676, stack(0x000000649c100000,0x000000649c200000) (1024K)]
  0x0000019417f7bc90 JavaThread "Timer-121"                         [_thread_blocked, id=23932, stack(0x000000649c400000,0x000000649c500000) (1024K)]
  0x0000019417f7c9b0 JavaThread "pool-122-thread-1"                 [_thread_blocked, id=5300, stack(0x000000649ca00000,0x000000649cb00000) (1024K)]
  0x0000019417f7a8e0 JavaThread "Exec process"                      [_thread_in_native, id=29272, stack(0x000000649cd00000,0x000000649ce00000) (1024K)]
  0x0000019417f804c0 JavaThread "Exec process Thread 2"             [_thread_blocked, id=24184, stack(0x000000649cf00000,0x000000649d000000) (1024K)]
  0x0000019417f7a250 JavaThread "Worker-808: Initialize workspace"        [_thread_blocked, id=20024, stack(0x000000649b600000,0x000000649b700000) (1024K)]
  0x0000019417f7ea80 JavaThread "Worker-810: Check JDK Index"        [_thread_blocked, id=29160, stack(0x000000649bd00000,0x000000649be00000) (1024K)]
  0x0000019417f7b600 JavaThread "Timer-122"                         [_thread_blocked, id=3152, stack(0x000000649d200000,0x000000649d300000) (1024K)]
  0x0000019417f7f110 JavaThread "Worker-819: Initialize workspace"        [_thread_blocked, id=27588, stack(0x000000649c900000,0x000000649ca00000) (1024K)]
  0x0000019417f7c320 JavaThread "Worker-821: Check JDK Index"        [_thread_blocked, id=26448, stack(0x000000649dd00000,0x000000649de00000) (1024K)]
  0x0000019417f7fe30 JavaThread "Connection worker"                 [_thread_blocked, id=12600, stack(0x000000649e000000,0x000000649e100000) (1024K)]
  0x0000019417f81870 JavaThread "Timer-123"                         [_thread_blocked, id=21392, stack(0x000000649e100000,0x000000649e200000) (1024K)]
  0x0000019417f82590 JavaThread "pool-124-thread-1"                 [_thread_blocked, id=31836, stack(0x000000649e400000,0x000000649e500000) (1024K)]
  0x0000019417f811e0 JavaThread "Exec process"                      [_thread_in_native, id=32396, stack(0x000000649d300000,0x000000649d400000) (1024K)]
  0x0000019417f7f7a0 JavaThread "Exec process Thread 2"             [_thread_blocked, id=20420, stack(0x000000649e200000,0x000000649e300000) (1024K)]
  0x0000019417f81f00 JavaThread "Worker-829: Initialize workspace"        [_thread_blocked, id=24268, stack(0x000000649df00000,0x000000649e000000) (1024K)]
  0x0000019417f95370 JavaThread "Worker-831: Check JDK Index"        [_thread_blocked, id=24476, stack(0x000000649e500000,0x000000649e600000) (1024K)]
  0x0000019417f91ef0 JavaThread "Timer-124"                         [_thread_blocked, id=17160, stack(0x000000649ec00000,0x000000649ed00000) (1024K)]
  0x0000019417f96db0 JavaThread "Worker-838: Initialize workspace"        [_thread_blocked, id=25824, stack(0x000000649e600000,0x000000649e700000) (1024K)]
  0x0000019417f92580 JavaThread "Connection worker"                 [_thread_blocked, id=30920, stack(0x000000649e800000,0x000000649e900000) (1024K)]
  0x0000019417f97ad0 JavaThread "Worker-840: Check JDK Index"        [_thread_blocked, id=24160, stack(0x000000649f100000,0x000000649f200000) (1024K)]
  0x0000019417f94ce0 JavaThread "pool-125-thread-1"                 [_thread_blocked, id=16604, stack(0x000000649f900000,0x000000649fa00000) (1024K)]
  0x0000019417fa1850 JavaThread "Connection worker"                 [_thread_blocked, id=9872, stack(0x00000064a0e00000,0x00000064a0f00000) (1024K)]
  0x0000019417b6a780 JavaThread "Timer-125"                         [_thread_blocked, id=17192, stack(0x00000064a1400000,0x00000064a1500000) (1024K)]
  0x0000019417b6e290 JavaThread "Exec process"                      [_thread_in_native, id=31284, stack(0x00000064a1800000,0x00000064a1900000) (1024K)]
  0x0000019417b6b4a0 JavaThread "pool-126-thread-1"                 [_thread_blocked, id=24616, stack(0x00000064a2300000,0x00000064a2400000) (1024K)]
  0x0000019417b6c1c0 JavaThread "Exec process"                      [_thread_in_native, id=26092, stack(0x00000064a2700000,0x00000064a2800000) (1024K)]
  0x0000019417b6cee0 JavaThread "Exec process Thread 2"             [_thread_blocked, id=14668, stack(0x00000064a2a00000,0x00000064a2b00000) (1024K)]
  0x0000019417b6efb0 JavaThread "Exec process Thread 2"             [_thread_blocked, id=12364, stack(0x00000064a3300000,0x00000064a3400000) (1024K)]
  0x0000019417b6d570 JavaThread "Worker-848: Initialize workspace"        [_thread_blocked, id=6748, stack(0x000000649fc00000,0x000000649fd00000) (1024K)]
  0x0000019417b6ae10 JavaThread "Worker-850: Check JDK Index"        [_thread_blocked, id=27508, stack(0x000000649f300000,0x000000649f400000) (1024K)]
  0x0000019417b71080 JavaThread "Timer-126"                         [_thread_blocked, id=28624, stack(0x00000064a3000000,0x00000064a3100000) (1024K)]
  0x0000019417b71710 JavaThread "Connection worker"                 [_thread_blocked, id=27496, stack(0x00000064a4700000,0x00000064a4800000) (1024K)]
  0x0000019417b6bb30 JavaThread "pool-127-thread-1"                 [_thread_blocked, id=29376, stack(0x00000064a1500000,0x00000064a1600000) (1024K)]
  0x0000019417b6f640 JavaThread "Worker-857: Check JDK Index"        [_thread_blocked, id=32056, stack(0x00000064a3500000,0x00000064a3600000) (1024K)]
  0x0000019417b6fcd0 JavaThread "Exec process"                      [_thread_in_native, id=4700, stack(0x00000064a3c00000,0x00000064a3d00000) (1024K)]
  0x0000019417b6c850 JavaThread "Connection worker"                 [_thread_blocked, id=26792, stack(0x00000064a4d00000,0x00000064a4e00000) (1024K)]
  0x0000019417b72430 JavaThread "Exec process Thread 2"             [_thread_blocked, id=31040, stack(0x00000064a8300000,0x00000064a8400000) (1024K)]
  0x0000019417b709f0 JavaThread "pool-128-thread-1"                 [_thread_blocked, id=29924, stack(0x00000064a8000000,0x00000064a8100000) (1024K)]
  0x0000019417b6dc00 JavaThread "Exec process"                      [_thread_in_native, id=32672, stack(0x00000064a8800000,0x00000064a8900000) (1024K)]
  0x0000019417b74b90 JavaThread "Exec process Thread 2"             [_thread_blocked, id=28224, stack(0x00000064a8e00000,0x00000064a8f00000) (1024K)]
  0x0000019417b75220 JavaThread "Timer-127"                         [_thread_blocked, id=26428, stack(0x00000064a9100000,0x00000064a9200000) (1024K)]
  0x0000019417b74500 JavaThread "Worker-866: Initialize workspace"        [_thread_blocked, id=24240, stack(0x00000064a9000000,0x00000064a9100000) (1024K)]
  0x0000019417b73e70 JavaThread "Timer-128"                         [_thread_blocked, id=22344, stack(0x00000064a9400000,0x00000064a9500000) (1024K)]
  0x0000019417b71da0 JavaThread "Worker-877: Initialize workspace"        [_thread_blocked, id=22396, stack(0x00000064a8600000,0x00000064a8700000) (1024K)]
  0x0000019417b73150 JavaThread "Worker-879: Check JDK Index"        [_thread_blocked, id=25324, stack(0x00000064a8c00000,0x00000064a8d00000) (1024K)]
  0x0000019417b75f40 JavaThread "Worker-880: Check JDK Index"        [_thread_blocked, id=25284, stack(0x00000064a9600000,0x00000064a9700000) (1024K)]
  0x0000019417b72ac0 JavaThread "Connection worker"                 [_thread_blocked, id=28132, stack(0x00000064a9900000,0x00000064a9a00000) (1024K)]
  0x0000019417b78010 JavaThread "Timer-129"                         [_thread_blocked, id=8756, stack(0x00000064a9b00000,0x00000064a9c00000) (1024K)]
  0x0000019417b793c0 JavaThread "pool-130-thread-1"                 [_thread_blocked, id=13064, stack(0x00000064a9e00000,0x00000064a9f00000) (1024K)]
  0x0000019417b765d0 JavaThread "Exec process"                      [_thread_in_native, id=32668, stack(0x00000064aa000000,0x00000064aa100000) (1024K)]
  0x0000019417b76c60 JavaThread "Exec process Thread 2"             [_thread_blocked, id=32208, stack(0x00000064aa200000,0x00000064aa300000) (1024K)]
  0x0000019417b772f0 JavaThread "Worker-888: Check JDK Index"        [_thread_blocked, id=20600, stack(0x00000064aa300000,0x00000064aa400000) (1024K)]
  0x00000194175cb500 JavaThread "Connection worker"                 [_thread_blocked, id=24180, stack(0x00000064aa400000,0x00000064aa500000) (1024K)]
  0x00000194175cc8b0 JavaThread "Timer-130"                         [_thread_blocked, id=21308, stack(0x00000064aa600000,0x00000064aa700000) (1024K)]
  0x00000194175ccf40 JavaThread "pool-131-thread-1"                 [_thread_blocked, id=21832, stack(0x00000064aa800000,0x00000064aa900000) (1024K)]
  0x00000194175cbb90 JavaThread "Exec process"                      [_thread_in_native, id=22380, stack(0x00000064a9c00000,0x00000064a9d00000) (1024K)]
  0x00000194175cae70 JavaThread "Exec process Thread 2"             [_thread_blocked, id=19824, stack(0x00000064aa100000,0x00000064aa200000) (1024K)]
  0x00000194175d10e0 JavaThread "Worker-900: Check JDK Index"        [_thread_blocked, id=23804, stack(0x00000064a8f00000,0x00000064a9000000) (1024K)]
  0x00000194175d2490 JavaThread "Timer-131"                         [_thread_blocked, id=21412, stack(0x00000064aaa00000,0x00000064aab00000) (1024K)]
  0x00000194175cf010 JavaThread "Worker-911: Check JDK Index"        [_thread_blocked, id=24084, stack(0x00000064aa900000,0x00000064aaa00000) (1024K)]
  0x00000194175d4560 JavaThread "Timer-132"                         [_thread_blocked, id=19600, stack(0x00000064ab000000,0x00000064ab100000) (1024K)]
  0x00000194175ca7e0 JavaThread "Worker-919: Initialize workspace"        [_thread_blocked, id=25008, stack(0x000000649d900000,0x000000649da00000) (1024K)]
  0x00000194175cf6a0 JavaThread "Worker-923: Check JDK Index"        [_thread_blocked, id=20712, stack(0x00000064a9700000,0x00000064a9800000) (1024K)]
  0x00000194175d5910 JavaThread "Timer-133"                         [_thread_blocked, id=23164, stack(0x00000064aac00000,0x00000064aad00000) (1024K)]
  0x00000194175d6cc0 JavaThread "Worker-930: Initialize workspace"        [_thread_blocked, id=22656, stack(0x00000064ab400000,0x00000064ab500000) (1024K)]
  0x00000194175d5280 JavaThread "Connection worker"                 [_thread_blocked, id=12428, stack(0x00000064a9a00000,0x00000064a9b00000) (1024K)]
  0x00000194175d31b0 JavaThread "pool-135-thread-1"                 [_thread_blocked, id=32600, stack(0x00000064aa500000,0x00000064aa600000) (1024K)]
  0x00000194175d3840 JavaThread "Timer-134"                         [_thread_blocked, id=32472, stack(0x00000064aa700000,0x00000064aa800000) (1024K)]
  0x00000194175d1770 JavaThread "Exec process"                      [_thread_in_native, id=23900, stack(0x00000064aae00000,0x00000064aaf00000) (1024K)]
  0x00000194175d2b20 JavaThread "Exec process Thread 2"             [_thread_blocked, id=336, stack(0x00000064aab00000,0x00000064aac00000) (1024K)]
  0x00000194175d0a50 JavaThread "Worker-941: Initialize workspace"        [_thread_blocked, id=22508, stack(0x00000064a2900000,0x00000064a2a00000) (1024K)]
  0x00000194175cd5d0 JavaThread "Worker-945: Check JDK Index"        [_thread_blocked, id=18572, stack(0x00000064a9800000,0x00000064a9900000) (1024K)]
  0x00000194175cdc60 JavaThread "Connection worker"                 [_thread_blocked, id=20016, stack(0x00000064a9d00000,0x00000064a9e00000) (1024K)]
  0x00000194175cc220 JavaThread "Timer-135"                         [_thread_blocked, id=31968, stack(0x0000006488f00000,0x0000006489000000) (1024K)]
  0x00000194175d3ed0 JavaThread "pool-136-thread-1"                 [_thread_blocked, id=30364, stack(0x00000064aad00000,0x00000064aae00000) (1024K)]
  0x00000194175d4bf0 JavaThread "Exec process"                      [_thread_in_native, id=23936, stack(0x0000006490800000,0x0000006490900000) (1024K)]
  0x00000194175d7350 JavaThread "Exec process Thread 2"             [_thread_blocked, id=27504, stack(0x00000064a2100000,0x00000064a2200000) (1024K)]
  0x00000194175d1e00 JavaThread "Connection worker"                 [_thread_blocked, id=24088, stack(0x0000006497500000,0x0000006497600000) (1024K)]
  0x00000194175ce980 JavaThread "Worker-954: Initialize workspace"        [_thread_blocked, id=17912, stack(0x000000648e600000,0x000000648e700000) (1024K)]
  0x00000194175cfd30 JavaThread "Worker-956: Check JDK Index"        [_thread_blocked, id=16588, stack(0x000000648e800000,0x000000648e900000) (1024K)]
  0x00000194175d8700 JavaThread "Exec process"                      [_thread_in_native, id=28216, stack(0x0000006499f00000,0x000000649a000000) (1024K)]
  0x00000194175d9420 JavaThread "Exec process Thread 2"             [_thread_blocked, id=20496, stack(0x000000649d100000,0x000000649d200000) (1024K)]
  0x00000194175d79e0 JavaThread "Connection worker"                 [_thread_blocked, id=32504, stack(0x000000649d500000,0x000000649d600000) (1024K)]
  0x00000194175d5fa0 JavaThread "Timer-136"                         [_thread_blocked, id=25084, stack(0x0000006489500000,0x0000006489600000) (1024K)]
  0x00000194175d6630 JavaThread "pool-137-thread-1"                 [_thread_blocked, id=31556, stack(0x000000649e700000,0x000000649e800000) (1024K)]
  0x000001941808a480 JavaThread "Exec process"                      [_thread_in_native, id=31484, stack(0x000000649ce00000,0x000000649cf00000) (1024K)]
  0x000001941808b830 JavaThread "Exec process Thread 2"             [_thread_blocked, id=31944, stack(0x000000649ea00000,0x000000649eb00000) (1024K)]
  0x0000019418089df0 JavaThread "Worker-965: Initialize workspace"        [_thread_in_native, id=32716, stack(0x000000649f400000,0x000000649f500000) (1024K)]
  0x000001941808df90 JavaThread "Timer-137"                         [_thread_blocked, id=32372, stack(0x000000649f800000,0x000000649f900000) (1024K)]
  0x000001941808cbe0 JavaThread "Worker-975: Initialize workspace"        [_thread_blocked, id=26800, stack(0x000000649b700000,0x000000649b800000) (1024K)]
  0x000001941808d270 JavaThread "Worker-977: Check JDK Index"        [_thread_blocked, id=5916, stack(0x000000649d600000,0x000000649d700000) (1024K)]
  0x000001941808bec0 JavaThread "Worker-978: Check JDK Index"        [_thread_blocked, id=20488, stack(0x00000064a2600000,0x00000064a2700000) (1024K)]
  0x000001941808e620 JavaThread "Timer-138"                         [_thread_blocked, id=8300, stack(0x00000064ab500000,0x00000064ab600000) (1024K)]
  0x0000019418092e50 JavaThread "Worker-983: Initialize Workspace"        [_thread_blocked, id=31252, stack(0x00000064abc00000,0x00000064abd00000) (1024K)]
  0x000001941808c550 JavaThread "Worker-985: Initialize workspace"        [_thread_blocked, id=27468, stack(0x00000064ab100000,0x00000064ab200000) (1024K)]
  0x000001941808b1a0 JavaThread "Worker-986: Check JDK Index"        [_thread_blocked, id=25292, stack(0x00000064a8700000,0x00000064a8800000) (1024K)]
  0x0000019418097680 JavaThread "Connection worker"                 [_thread_in_native, id=31424, stack(0x00000064abd00000,0x00000064abe00000) (1024K)]
  0x00000194180927c0 JavaThread "ProjectImportProgressReporter" daemon [_thread_blocked, id=16216, stack(0x00000064aba00000,0x00000064abb00000) (1024K)]
  0x0000019418098a30 JavaThread "Timer-139"                         [_thread_blocked, id=23428, stack(0x00000064abf00000,0x00000064ac000000) (1024K)]
  0x00000194180990c0 JavaThread "Connection worker"                 [_thread_in_Java, id=22476, stack(0x00000064ac000000,0x00000064ac100000) (1024K)]
  0x00000194180962d0 JavaThread "pool-140-thread-1"                 [_thread_blocked, id=22516, stack(0x00000064ac100000,0x00000064ac200000) (1024K)]
  0x0000019418091aa0 JavaThread "Connection worker"                 [_thread_blocked, id=32684, stack(0x00000064ab200000,0x00000064ab300000) (1024K)]
  0x00000194180962d0 JavaThread "pool-140-thread-1"                 [_thread_blocked, id=22516, stack(0x00000064ac100000,0x00000064ac200000) (1024K)]
  0x0019d8a1a99bfa00 
[error occurred during error reporting (printing all threads), id 0xc0000005, EXCEPTION_ACCESS_VIOLATION (0xc0000005) at pc=0x00007ff80391773c]
VM state: not at safepoint (normal execution)

VM Mutex/Monitor currently owned by a thread: None

OutOfMemory and StackOverflow Exception counts:
OutOfMemoryError java_heap_errors=1
LinkageErrors=128

Heap address: 0x0000000080000000, size: 2048 MB, Compressed Oops mode: 32-bit

CDS archive(s) mapped at: [0x00000193cc000000-0x00000193ccc90000-0x00000193ccc90000), size 13172736, SharedBaseAddress: 0x00000193cc000000, ArchiveRelocationMode: 1.
Compressed class space mapped at: 0x00000193cd000000-0x000001940d000000, reserved size: 1073741824
Narrow klass base: 0x00000193cc000000, Narrow klass shift: 0, Narrow klass range: 0x100000000

GC Precious Log:
 CardTable entry size: 512
 CPUs: 8 total, 8 available
 Memory: 16107M
 Large Page Support: Disabled
 NUMA Support: Disabled
 Compressed Oops: Enabled (32-bit)
 Alignments: Space 512K, Generation 512K, Heap 2M
 Heap Min Capacity: 100M
 Heap Initial Capacity: 100M
 Heap Max Capacity: 2G
 Pre-touch: Disabled
 Parallel Workers: 8

Heap:
 PSYoungGen      total 4096K, used 3375K [0x00000000d5580000, 0x00000000d5c00000, 0x0000000100000000)
  eden space 3584K, 80% used [0x00000000d5580000,0x00000000d584eb40,0x00000000d5900000)
  from space 512K, 98% used [0x00000000d5a80000,0x00000000d5afe1c0,0x00000000d5b00000)
  to   space 1536K, 0% used [0x00000000d5900000,0x00000000d5900000,0x00000000d5a80000)
 ParOldGen       total 249344K, used 222139K [0x0000000080000000, 0x000000008f380000, 0x00000000d5580000)
  object space 249344K, 89% used [0x0000000080000000,0x000000008d8eec38,0x000000008f380000)
 Metaspace       used 73640K, committed 75520K, reserved 1179648K
  class space    used 8156K, committed 8960K, reserved 1048576K

Card table byte_map: [0x00000193af6c0000,0x00000193afad0000] _byte_map_base: 0x00000193af2c0000

Marking Bits: (ParMarkBitMap*) 0x00007ff803d4d4a0
 Begin Bits: [0x00000193c7410000, 0x00000193c9410000)
 End Bits:   [0x00000193c9410000, 0x00000193cb410000)

Polling page: 0x00000193adc40000

Metaspace:

Usage:
  Non-class:     63.95 MB used.
      Class:      7.97 MB used.
       Both:     71.91 MB used.

Virtual space:
  Non-class space:      128.00 MB reserved,      65.00 MB ( 51%) committed,  2 nodes.
      Class space:        1.00 GB reserved,       8.75 MB ( <1%) committed,  1 nodes.
             Both:        1.12 GB reserved,      73.75 MB (  6%) committed. 

Chunk freelists:
   Non-Class:  14.11 MB
       Class:  7.10 MB
        Both:  21.21 MB

MaxMetaspaceSize: unlimited
CompressedClassSpaceSize: 1.00 GB
Initial GC threshold: 21.00 MB
Current GC threshold: 122.94 MB
CDS: on
 - commit_granule_bytes: 65536.
 - commit_granule_words: 8192.
 - virtual_space_node_default_size: 8388608.
 - enlarge_chunks_in_place: 1.
 - use_allocation_guard: 0.


Internal statistics:

num_allocs_failed_limit: 9.
num_arena_births: 2144.
num_arena_deaths: 138.
num_vsnodes_births: 3.
num_vsnodes_deaths: 0.
num_space_committed: 1180.
num_space_uncommitted: 0.
num_chunks_returned_to_freelist: 192.
num_chunks_taken_from_freelist: 5363.
num_chunk_merges: 53.
num_chunk_splits: 3325.
num_chunks_enlarged: 1938.
num_inconsistent_stats: 0.

CodeHeap 'non-profiled nmethods': size=120000Kb used=9963Kb max_used=10573Kb free=110036Kb
 bounds [0x00000193bfc30000, 0x00000193c0690000, 0x00000193c7160000]
CodeHeap 'profiled nmethods': size=120000Kb used=19704Kb max_used=21359Kb free=100295Kb
 bounds [0x00000193b8160000, 0x00000193b9660000, 0x00000193bf690000]
CodeHeap 'non-nmethods': size=5760Kb used=1468Kb max_used=1552Kb free=4291Kb
 bounds [0x00000193bf690000, 0x00000193bf900000, 0x00000193bfc30000]
 total_blobs=10301 nmethods=9528 adapters=679
 compilation: enabled
              stopped_count=0, restarted_count=0
 full_count=0

Compilation events (20 events):
Event: 249.143 Thread 0x000001940e2f9140 nmethod 17277 0x00000193b89dac10 code [0x00000193b89dae40, 0x00000193b89db470]
Event: 249.143 Thread 0x000001940e2f9140 17278       3       sun.util.locale.provider.NumberFormatProviderImpl::getInstance (164 bytes)
Event: 249.144 Thread 0x000001940e2f9140 nmethod 17278 0x00000193b9453690 code [0x00000193b9453960, 0x00000193b9454488]
Event: 249.146 Thread 0x000001940e2f9140 17279       3       java.text.NumberFormat::<init> (62 bytes)
Event: 249.146 Thread 0x000001940e2f9140 nmethod 17279 0x00000193b8fbb290 code [0x00000193b8fbb440, 0x00000193b8fbb648]
Event: 249.279 Thread 0x000001940e2f9140 17280   !   3       java.util.concurrent.Executors$DelegatedExecutorService::shutdown (24 bytes)
Event: 249.280 Thread 0x000001940e2f9140 nmethod 17280 0x00000193b876cb10 code [0x00000193b876cce0, 0x00000193b876cfa0]
Event: 249.290 Thread 0x000001940e2f9140 17281       3       org.gradle.cache.internal.filelock.LockStateAccess::ensureLockState (42 bytes)
Event: 249.290 Thread 0x000001940e2f9140 nmethod 17281 0x00000193b95dc790 code [0x00000193b95dc9a0, 0x00000193b95dcd60]
Event: 249.290 Thread 0x000001940e2f9140 17282       3       org.gradle.cache.internal.filelock.LockFileAccess::writeLockInfo (49 bytes)
Event: 249.304 Thread 0x000001940e2f9140 nmethod 17282 0x00000193b82fb010 code [0x00000193b82fb1e0, 0x00000193b82fb4d8]
Event: 249.320 Thread 0x000001940e2f9140 17283       3       com.google.common.collect.RegularImmutableList::internalArrayEnd (6 bytes)
Event: 249.320 Thread 0x000001940e2f9140 nmethod 17283 0x00000193b871ef10 code [0x00000193b871f0a0, 0x00000193b871f1b8]
Event: 249.338 Thread 0x00000193afca60e0 17284   !   4       org.eclipse.osgi.internal.loader.BundleLoader::findClass0 (490 bytes)
Event: 249.552 Thread 0x000001940e2f9140 17288       3       org.eclipse.buildship.core.internal.CorePlugin::internalGradleWorkspace (13 bytes)
Event: 249.552 Thread 0x000001940e2f9140 nmethod 17288 0x00000193b8d6c190 code [0x00000193b8d6c360, 0x00000193b8d6c688]
Event: 249.552 Thread 0x000001940e2f9140 17289       3       org.eclipse.buildship.core.internal.workspace.DefaultGradleWorkspace::getGradleBuild (14 bytes)
Event: 249.553 Thread 0x000001940e2f9140 nmethod 17289 0x00000193b8ddff90 code [0x00000193b8de01a0, 0x00000193b8de0748]
Event: 249.553 Thread 0x000001940e2f9140 17290       3       java.lang.invoke.MethodHandle::invokeWithArguments (32 bytes)
Event: 249.554 Thread 0x000001940e2f9140 nmethod 17290 0x00000193b84dd790 code [0x00000193b84dda20, 0x00000193b84de3e8]

GC Heap History (20 events):
Event: 249.050 GC heap before
{Heap before GC invocations=2353 (full 42):
 PSYoungGen      total 4608K, used 3936K [0x00000000d5580000, 0x00000000d5b00000, 0x0000000100000000)
  eden space 3584K, 100% used [0x00000000d5580000,0x00000000d5900000,0x00000000d5900000)
  from space 1024K, 34% used [0x00000000d5900000,0x00000000d5958020,0x00000000d5a00000)
  to   space 512K, 0% used [0x00000000d5a80000,0x00000000d5a80000,0x00000000d5b00000)
 ParOldGen       total 245760K, used 244670K [0x0000000080000000, 0x000000008f000000, 0x00000000d5580000)
  object space 245760K, 99% used [0x0000000080000000,0x000000008eeef8e0,0x000000008f000000)
 Metaspace       used 73611K, committed 75392K, reserved 1179648K
  class space    used 8156K, committed 8960K, reserved 1048576K
}
Event: 249.052 GC heap after
{Heap after GC invocations=2353 (full 42):
 PSYoungGen      total 4096K, used 224K [0x00000000d5580000, 0x00000000d5b00000, 0x0000000100000000)
  eden space 3584K, 0% used [0x00000000d5580000,0x00000000d5580000,0x00000000d5900000)
  from space 512K, 43% used [0x00000000d5a80000,0x00000000d5ab8000,0x00000000d5b00000)
  to   space 512K, 0% used [0x00000000d5a00000,0x00000000d5a00000,0x00000000d5a80000)
 ParOldGen       total 245760K, used 244894K [0x0000000080000000, 0x000000008f000000, 0x00000000d5580000)
  object space 245760K, 99% used [0x0000000080000000,0x000000008ef27910,0x000000008f000000)
 Metaspace       used 73611K, committed 75392K, reserved 1179648K
  class space    used 8156K, committed 8960K, reserved 1048576K
}
Event: 249.089 GC heap before
{Heap before GC invocations=2354 (full 42):
 PSYoungGen      total 4096K, used 3804K [0x00000000d5580000, 0x00000000d5b00000, 0x0000000100000000)
  eden space 3584K, 99% used [0x00000000d5580000,0x00000000d58ff298,0x00000000d5900000)
  from space 512K, 43% used [0x00000000d5a80000,0x00000000d5ab8000,0x00000000d5b00000)
  to   space 512K, 0% used [0x00000000d5a00000,0x00000000d5a00000,0x00000000d5a80000)
 ParOldGen       total 245760K, used 244894K [0x0000000080000000, 0x000000008f000000, 0x00000000d5580000)
  object space 245760K, 99% used [0x0000000080000000,0x000000008ef27910,0x000000008f000000)
 Metaspace       used 73620K, committed 75392K, reserved 1179648K
  class space    used 8156K, committed 8960K, reserved 1048576K
}
Event: 249.090 GC heap after
{Heap after GC invocations=2354 (full 42):
 PSYoungGen      total 4096K, used 352K [0x00000000d5580000, 0x00000000d5b00000, 0x0000000100000000)
  eden space 3584K, 0% used [0x00000000d5580000,0x00000000d5580000,0x00000000d5900000)
  from space 512K, 68% used [0x00000000d5a00000,0x00000000d5a58000,0x00000000d5a80000)
  to   space 512K, 0% used [0x00000000d5a80000,0x00000000d5a80000,0x00000000d5b00000)
 ParOldGen       total 245760K, used 245086K [0x0000000080000000, 0x000000008f000000, 0x00000000d5580000)
  object space 245760K, 99% used [0x0000000080000000,0x000000008ef57910,0x000000008f000000)
 Metaspace       used 73620K, committed 75392K, reserved 1179648K
  class space    used 8156K, committed 8960K, reserved 1048576K
}
Event: 249.115 GC heap before
{Heap before GC invocations=2355 (full 42):
 PSYoungGen      total 4096K, used 3936K [0x00000000d5580000, 0x00000000d5b00000, 0x0000000100000000)
  eden space 3584K, 100% used [0x00000000d5580000,0x00000000d5900000,0x00000000d5900000)
  from space 512K, 68% used [0x00000000d5a00000,0x00000000d5a58000,0x00000000d5a80000)
  to   space 512K, 0% used [0x00000000d5a80000,0x00000000d5a80000,0x00000000d5b00000)
 ParOldGen       total 245760K, used 245086K [0x0000000080000000, 0x000000008f000000, 0x00000000d5580000)
  object space 245760K, 99% used [0x0000000080000000,0x000000008ef57910,0x000000008f000000)
 Metaspace       used 73622K, committed 75392K, reserved 1179648K
  class space    used 8156K, committed 8960K, reserved 1048576K
}
Event: 249.117 GC heap after
{Heap after GC invocations=2355 (full 42):
 PSYoungGen      total 4096K, used 320K [0x00000000d5580000, 0x00000000d5b00000, 0x0000000100000000)
  eden space 3584K, 0% used [0x00000000d5580000,0x00000000d5580000,0x00000000d5900000)
  from space 512K, 62% used [0x00000000d5a80000,0x00000000d5ad0000,0x00000000d5b00000)
  to   space 512K, 0% used [0x00000000d5a00000,0x00000000d5a00000,0x00000000d5a80000)
 ParOldGen       total 245760K, used 245344K [0x0000000080000000, 0x000000008f000000, 0x00000000d5580000)
  object space 245760K, 99% used [0x0000000080000000,0x000000008ef98038,0x000000008f000000)
 Metaspace       used 73622K, committed 75392K, reserved 1179648K
  class space    used 8156K, committed 8960K, reserved 1048576K
}
Event: 249.178 GC heap before
{Heap before GC invocations=2356 (full 42):
 PSYoungGen      total 4096K, used 3903K [0x00000000d5580000, 0x00000000d5b00000, 0x0000000100000000)
  eden space 3584K, 99% used [0x00000000d5580000,0x00000000d58ffff8,0x00000000d5900000)
  from space 512K, 62% used [0x00000000d5a80000,0x00000000d5ad0000,0x00000000d5b00000)
  to   space 512K, 0% used [0x00000000d5a00000,0x00000000d5a00000,0x00000000d5a80000)
 ParOldGen       total 245760K, used 245344K [0x0000000080000000, 0x000000008f000000, 0x00000000d5580000)
  object space 245760K, 99% used [0x0000000080000000,0x000000008ef98038,0x000000008f000000)
 Metaspace       used 73629K, committed 75520K, reserved 1179648K
  class space    used 8156K, committed 8960K, reserved 1048576K
}
Event: 249.180 GC heap after
{Heap after GC invocations=2356 (full 42):
 PSYoungGen      total 4096K, used 384K [0x00000000d5580000, 0x00000000d5b00000, 0x0000000100000000)
  eden space 3584K, 0% used [0x00000000d5580000,0x00000000d5580000,0x00000000d5900000)
  from space 512K, 75% used [0x00000000d5a00000,0x00000000d5a60000,0x00000000d5a80000)
  to   space 512K, 0% used [0x00000000d5a80000,0x00000000d5a80000,0x00000000d5b00000)
 ParOldGen       total 245760K, used 245592K [0x0000000080000000, 0x000000008f000000, 0x00000000d5580000)
  object space 245760K, 99% used [0x0000000080000000,0x000000008efd6038,0x000000008f000000)
 Metaspace       used 73629K, committed 75520K, reserved 1179648K
  class space    used 8156K, committed 8960K, reserved 1048576K
}
Event: 249.180 GC heap before
{Heap before GC invocations=2357 (full 43):
 PSYoungGen      total 4096K, used 384K [0x00000000d5580000, 0x00000000d5b00000, 0x0000000100000000)
  eden space 3584K, 0% used [0x00000000d5580000,0x00000000d5580000,0x00000000d5900000)
  from space 512K, 75% used [0x00000000d5a00000,0x00000000d5a60000,0x00000000d5a80000)
  to   space 512K, 0% used [0x00000000d5a80000,0x00000000d5a80000,0x00000000d5b00000)
 ParOldGen       total 245760K, used 245592K [0x0000000080000000, 0x000000008f000000, 0x00000000d5580000)
  object space 245760K, 99% used [0x0000000080000000,0x000000008efd6038,0x000000008f000000)
 Metaspace       used 73629K, committed 75520K, reserved 1179648K
  class space    used 8156K, committed 8960K, reserved 1048576K
}
Event: 249.275 GC heap after
{Heap after GC invocations=2357 (full 43):
 PSYoungGen      total 4096K, used 0K [0x00000000d5580000, 0x00000000d5b00000, 0x0000000100000000)
  eden space 3584K, 0% used [0x00000000d5580000,0x00000000d5580000,0x00000000d5900000)
  from space 512K, 0% used [0x00000000d5a80000,0x00000000d5a80000,0x00000000d5b00000)
  to   space 512K, 0% used [0x00000000d5a00000,0x00000000d5a00000,0x00000000d5a80000)
 ParOldGen       total 249344K, used 218702K [0x0000000080000000, 0x000000008f380000, 0x00000000d5580000)
  object space 249344K, 87% used [0x0000000080000000,0x000000008d593b58,0x000000008f380000)
 Metaspace       used 73629K, committed 75520K, reserved 1179648K
  class space    used 8156K, committed 8960K, reserved 1048576K
}
Event: 249.302 GC heap before
{Heap before GC invocations=2358 (full 43):
 PSYoungGen      total 4096K, used 3584K [0x00000000d5580000, 0x00000000d5b00000, 0x0000000100000000)
  eden space 3584K, 100% used [0x00000000d5580000,0x00000000d5900000,0x00000000d5900000)
  from space 512K, 0% used [0x00000000d5a80000,0x00000000d5a80000,0x00000000d5b00000)
  to   space 512K, 0% used [0x00000000d5a00000,0x00000000d5a00000,0x00000000d5a80000)
 ParOldGen       total 249344K, used 218702K [0x0000000080000000, 0x000000008f380000, 0x00000000d5580000)
  object space 249344K, 87% used [0x0000000080000000,0x000000008d593b58,0x000000008f380000)
 Metaspace       used 73630K, committed 75520K, reserved 1179648K
  class space    used 8156K, committed 8960K, reserved 1048576K
}
Event: 249.304 GC heap after
{Heap after GC invocations=2358 (full 43):
 PSYoungGen      total 4096K, used 512K [0x00000000d5580000, 0x00000000d5c00000, 0x0000000100000000)
  eden space 3584K, 0% used [0x00000000d5580000,0x00000000d5580000,0x00000000d5900000)
  from space 512K, 100% used [0x00000000d5a00000,0x00000000d5a80000,0x00000000d5a80000)
  to   space 1536K, 0% used [0x00000000d5a80000,0x00000000d5a80000,0x00000000d5c00000)
 ParOldGen       total 249344K, used 219145K [0x0000000080000000, 0x000000008f380000, 0x00000000d5580000)
  object space 249344K, 87% used [0x0000000080000000,0x000000008d6027f8,0x000000008f380000)
 Metaspace       used 73630K, committed 75520K, reserved 1179648K
  class space    used 8156K, committed 8960K, reserved 1048576K
}
Event: 249.347 GC heap before
{Heap before GC invocations=2359 (full 43):
 PSYoungGen      total 4096K, used 4095K [0x00000000d5580000, 0x00000000d5c00000, 0x0000000100000000)
  eden space 3584K, 99% used [0x00000000d5580000,0x00000000d58fffd8,0x00000000d5900000)
  from space 512K, 100% used [0x00000000d5a00000,0x00000000d5a80000,0x00000000d5a80000)
  to   space 1536K, 0% used [0x00000000d5a80000,0x00000000d5a80000,0x00000000d5c00000)
 ParOldGen       total 249344K, used 219145K [0x0000000080000000, 0x000000008f380000, 0x00000000d5580000)
  object space 249344K, 87% used [0x0000000080000000,0x000000008d6027f8,0x000000008f380000)
 Metaspace       used 73630K, committed 75520K, reserved 1179648K
  class space    used 8156K, committed 8960K, reserved 1048576K
}
Event: 249.350 GC heap after
{Heap after GC invocations=2359 (full 43):
 PSYoungGen      total 5120K, used 1322K [0x00000000d5580000, 0x00000000d5c00000, 0x0000000100000000)
  eden space 3584K, 0% used [0x00000000d5580000,0x00000000d5580000,0x00000000d5900000)
  from space 1536K, 86% used [0x00000000d5a80000,0x00000000d5bcaa40,0x00000000d5c00000)
  to   space 1536K, 0% used [0x00000000d5900000,0x00000000d5900000,0x00000000d5a80000)
 ParOldGen       total 249344K, used 219618K [0x0000000080000000, 0x000000008f380000, 0x00000000d5580000)
  object space 249344K, 88% used [0x0000000080000000,0x000000008d678808,0x000000008f380000)
 Metaspace       used 73630K, committed 75520K, reserved 1179648K
  class space    used 8156K, committed 8960K, reserved 1048576K
}
Event: 249.380 GC heap before
{Heap before GC invocations=2360 (full 43):
 PSYoungGen      total 5120K, used 4906K [0x00000000d5580000, 0x00000000d5c00000, 0x0000000100000000)
  eden space 3584K, 99% used [0x00000000d5580000,0x00000000d58ffff8,0x00000000d5900000)
  from space 1536K, 86% used [0x00000000d5a80000,0x00000000d5bcaa40,0x00000000d5c00000)
  to   space 1536K, 0% used [0x00000000d5900000,0x00000000d5900000,0x00000000d5a80000)
 ParOldGen       total 249344K, used 219618K [0x0000000080000000, 0x000000008f380000, 0x00000000d5580000)
  object space 249344K, 88% used [0x0000000080000000,0x000000008d678808,0x000000008f380000)
 Metaspace       used 73630K, committed 75520K, reserved 1179648K
  class space    used 8156K, committed 8960K, reserved 1048576K
}
Event: 249.388 GC heap after
{Heap after GC invocations=2360 (full 43):
 PSYoungGen      total 5120K, used 896K [0x00000000d5580000, 0x00000000d5c00000, 0x0000000100000000)
  eden space 3584K, 0% used [0x00000000d5580000,0x00000000d5580000,0x00000000d5900000)
  from space 1536K, 58% used [0x00000000d5900000,0x00000000d59e0040,0x00000000d5a80000)
  to   space 1536K, 0% used [0x00000000d5a80000,0x00000000d5a80000,0x00000000d5c00000)
 ParOldGen       total 249344K, used 220650K [0x0000000080000000, 0x000000008f380000, 0x00000000d5580000)
  object space 249344K, 88% used [0x0000000080000000,0x000000008d77a818,0x000000008f380000)
 Metaspace       used 73630K, committed 75520K, reserved 1179648K
  class space    used 8156K, committed 8960K, reserved 1048576K
}
Event: 249.425 GC heap before
{Heap before GC invocations=2361 (full 43):
 PSYoungGen      total 5120K, used 4469K [0x00000000d5580000, 0x00000000d5c00000, 0x0000000100000000)
  eden space 3584K, 99% used [0x00000000d5580000,0x00000000d58fd430,0x00000000d5900000)
  from space 1536K, 58% used [0x00000000d5900000,0x00000000d59e0040,0x00000000d5a80000)
  to   space 1536K, 0% used [0x00000000d5a80000,0x00000000d5a80000,0x00000000d5c00000)
 ParOldGen       total 249344K, used 220650K [0x0000000080000000, 0x000000008f380000, 0x00000000d5580000)
  object space 249344K, 88% used [0x0000000080000000,0x000000008d77a818,0x000000008f380000)
 Metaspace       used 73630K, committed 75520K, reserved 1179648K
  class space    used 8156K, committed 8960K, reserved 1048576K
}
Event: 249.427 GC heap after
{Heap after GC invocations=2361 (full 43):
 PSYoungGen      total 4096K, used 320K [0x00000000d5580000, 0x00000000d5b00000, 0x0000000100000000)
  eden space 3584K, 0% used [0x00000000d5580000,0x00000000d5580000,0x00000000d5900000)
  from space 512K, 62% used [0x00000000d5a80000,0x00000000d5ad0000,0x00000000d5b00000)
  to   space 1024K, 0% used [0x00000000d5900000,0x00000000d5900000,0x00000000d5a00000)
 ParOldGen       total 249344K, used 221322K [0x0000000080000000, 0x000000008f380000, 0x00000000d5580000)
  object space 249344K, 88% used [0x0000000080000000,0x000000008d822868,0x000000008f380000)
 Metaspace       used 73630K, committed 75520K, reserved 1179648K
  class space    used 8156K, committed 8960K, reserved 1048576K
}
Event: 249.548 GC heap before
{Heap before GC invocations=2362 (full 43):
 PSYoungGen      total 4096K, used 3903K [0x00000000d5580000, 0x00000000d5b00000, 0x0000000100000000)
  eden space 3584K, 99% used [0x00000000d5580000,0x00000000d58fffd8,0x00000000d5900000)
  from space 512K, 62% used [0x00000000d5a80000,0x00000000d5ad0000,0x00000000d5b00000)
  to   space 1024K, 0% used [0x00000000d5900000,0x00000000d5900000,0x00000000d5a00000)
 ParOldGen       total 249344K, used 221322K [0x0000000080000000, 0x000000008f380000, 0x00000000d5580000)
  object space 249344K, 88% used [0x0000000080000000,0x000000008d822868,0x000000008f380000)
 Metaspace       used 73630K, committed 75520K, reserved 1179648K
  class space    used 8156K, committed 8960K, reserved 1048576K
}
Event: 249.550 GC heap after
{Heap after GC invocations=2362 (full 43):
 PSYoungGen      total 4608K, used 416K [0x00000000d5580000, 0x00000000d5b00000, 0x0000000100000000)
  eden space 3584K, 0% used [0x00000000d5580000,0x00000000d5580000,0x00000000d5900000)
  from space 1024K, 40% used [0x00000000d5900000,0x00000000d5968000,0x00000000d5a00000)
  to   space 512K, 0% used [0x00000000d5a80000,0x00000000d5a80000,0x00000000d5b00000)
 ParOldGen       total 249344K, used 221474K [0x0000000080000000, 0x000000008f380000, 0x00000000d5580000)
  object space 249344K, 88% used [0x0000000080000000,0x000000008d848868,0x000000008f380000)
 Metaspace       used 73630K, committed 75520K, reserved 1179648K
  class space    used 8156K, committed 8960K, reserved 1048576K
}

Dll operation events (16 events):
Event: 0.070 Loaded shared library F:\Dev\jdk-21\bin\java.dll
Event: 0.190 Loaded shared library F:\Dev\jdk-21\bin\jsvml.dll
Event: 0.267 Loaded shared library F:\Dev\jdk-21\bin\zip.dll
Event: 0.281 Loaded shared library F:\Dev\jdk-21\bin\instrument.dll
Event: 0.294 Loaded shared library F:\Dev\jdk-21\bin\net.dll
Event: 0.302 Loaded shared library F:\Dev\jdk-21\bin\nio.dll
Event: 0.305 Loaded shared library F:\Dev\jdk-21\bin\zip.dll
Event: 0.362 Loaded shared library F:\Dev\jdk-21\bin\jimage.dll
Event: 1.423 Loaded shared library F:\Dev\jdk-21\bin\verify.dll
Event: 5.012 Loaded shared library C:\Users\kmdadoo\AppData\Roaming\Code\User\globalStorage\redhat.java\1.56.0\config_win\org.eclipse.equinox.launcher\org.eclipse.equinox.launcher.win32.win32.x86_64_1.3.100.v20260804-1928\eclipse_11924.dll
Event: 17.825 Loaded shared library C:\Users\kmdadoo\AppData\Local\Temp\jna--605435003\jna7061043852210082903.dll
Event: 71.307 Loaded shared library C:\Users\kmdadoo\.gradle\native\660c5614fbf4a5f2a75b1949f50a0caf5cd603558e7d8a26e50b933a0cfb79d1\windows-amd64\native-platform.dll
Event: 72.186 Loaded shared library F:\Dev\jdk-21\bin\management.dll
Event: 72.280 Loaded shared library F:\Dev\jdk-21\bin\management_ext.dll
Event: 73.004 Loaded shared library F:\Dev\jdk-21\bin\sunmscapi.dll
Event: 73.200 Loaded shared library F:\Dev\jdk-21\bin\extnet.dll

Deoptimization events (20 events):
Event: 239.613 Thread 0x0000019417f8dd50 DEOPT PACKING pc=0x00000193c0301ab4 sp=0x00000064b09fe100
Event: 239.613 Thread 0x0000019417f8dd50 DEOPT UNPACKING pc=0x00000193bf6e6da2 sp=0x00000064b09fe038 mode 2
Event: 249.307 Thread 0x000001941808b1a0 Uncommon trap: trap_request=0xffffffbe fr.pc=0x00000193c067c3b8 relative=0x0000000000000d98
Event: 249.307 Thread 0x000001941808b1a0 Uncommon trap: reason=profile_predicate action=maybe_recompile pc=0x00000193c067c3b8 method=org.eclipse.core.internal.jobs.DeadlockDetector.reduceGraph(ILorg/eclipse/core/runtime/jobs/ISchedulingRule;)V @ 67 c2
Event: 249.307 Thread 0x000001941808b1a0 DEOPT PACKING pc=0x00000193c067c3b8 sp=0x00000064a87ff0d0
Event: 249.307 Thread 0x000001941808b1a0 DEOPT UNPACKING pc=0x00000193bf6e6da2 sp=0x00000064a87ff060 mode 2
Event: 249.327 Thread 0x000001941808c550 Uncommon trap: trap_request=0xffffffbe fr.pc=0x00000193c067c3b8 relative=0x0000000000000d98
Event: 249.327 Thread 0x000001941808c550 Uncommon trap: reason=profile_predicate action=maybe_recompile pc=0x00000193c067c3b8 method=org.eclipse.core.internal.jobs.DeadlockDetector.reduceGraph(ILorg/eclipse/core/runtime/jobs/ISchedulingRule;)V @ 67 c2
Event: 249.327 Thread 0x000001941808c550 DEOPT PACKING pc=0x00000193c067c3b8 sp=0x00000064ab1feee0
Event: 249.327 Thread 0x000001941808c550 DEOPT UNPACKING pc=0x00000193bf6e6da2 sp=0x00000064ab1fee70 mode 2
Event: 249.362 Thread 0x000001941808cbe0 DEOPT PACKING pc=0x00000193b82d59e0 sp=0x000000649b7fec80
Event: 249.362 Thread 0x000001941808cbe0 DEOPT UNPACKING pc=0x00000193bf6e78e2 sp=0x000000649b7fe0f8 mode 0
Event: 249.363 Thread 0x000001941808cbe0 Uncommon trap: trap_request=0xffffffbe fr.pc=0x00000193c067c3b8 relative=0x0000000000000d98
Event: 249.363 Thread 0x000001941808cbe0 Uncommon trap: reason=profile_predicate action=maybe_recompile pc=0x00000193c067c3b8 method=org.eclipse.core.internal.jobs.DeadlockDetector.reduceGraph(ILorg/eclipse/core/runtime/jobs/ISchedulingRule;)V @ 67 c2
Event: 249.363 Thread 0x000001941808cbe0 DEOPT PACKING pc=0x00000193c067c3b8 sp=0x000000649b7fe9b0
Event: 249.363 Thread 0x000001941808cbe0 DEOPT UNPACKING pc=0x00000193bf6e6da2 sp=0x000000649b7fe940 mode 2
Event: 249.401 Thread 0x0000019418092e50 Uncommon trap: trap_request=0xffffffbe fr.pc=0x00000193c067c3b8 relative=0x0000000000000d98
Event: 249.401 Thread 0x0000019418092e50 Uncommon trap: reason=profile_predicate action=maybe_recompile pc=0x00000193c067c3b8 method=org.eclipse.core.internal.jobs.DeadlockDetector.reduceGraph(ILorg/eclipse/core/runtime/jobs/ISchedulingRule;)V @ 67 c2
Event: 249.402 Thread 0x0000019418092e50 DEOPT PACKING pc=0x00000193c067c3b8 sp=0x00000064abcff4b0
Event: 249.402 Thread 0x0000019418092e50 DEOPT UNPACKING pc=0x00000193bf6e6da2 sp=0x00000064abcff440 mode 2

Classes loaded (20 events):
Event: 198.566 Loading class java/nio/channels/spi/AbstractSelector$1
Event: 198.567 Loading class java/nio/channels/spi/AbstractSelector$1 done
Event: 198.712 Loading class java/util/concurrent/Executors$AutoShutdownDelegatedExecutorService
Event: 198.712 Loading class java/util/concurrent/Executors$AutoShutdownDelegatedExecutorService done
Event: 198.919 Loading class java/lang/UnsupportedClassVersionError
Event: 198.919 Loading class java/lang/UnsupportedClassVersionError done
Event: 198.932 Loading class java/io/ObjectStreamClass$1
Event: 198.933 Loading class java/io/ObjectStreamClass$1 done
Event: 198.933 Loading class java/io/ObjectStreamClass$MemberSignature
Event: 198.933 Loading class java/io/ObjectStreamClass$MemberSignature done
Event: 198.933 Loading class java/io/ObjectStreamClass$3
Event: 198.933 Loading class java/io/ObjectStreamClass$3 done
Event: 198.934 Loading class java/io/ObjectStreamClass$4
Event: 198.934 Loading class java/io/ObjectStreamClass$4 done
Event: 198.934 Loading class java/io/ObjectStreamClass$5
Event: 198.934 Loading class java/io/ObjectStreamClass$5 done
Event: 198.942 Loading class java/io/ObjectStreamClass$ExceptionInfo
Event: 198.943 Loading class java/io/ObjectStreamClass$ExceptionInfo done
Event: 239.472 Loading class sun/net/ConnectionResetException
Event: 239.472 Loading class sun/net/ConnectionResetException done

Classes unloaded (20 events):
Event: 104.472 Thread 0x00000193afddeb40 Unloading class 0x00000193cd7c8400 'java/lang/invoke/LambdaForm$MH+0x00000193cd7c8400'
Event: 104.472 Thread 0x00000193afddeb40 Unloading class 0x00000193cd7c8000 'java/lang/invoke/LambdaForm$MH+0x00000193cd7c8000'
Event: 104.472 Thread 0x00000193afddeb40 Unloading class 0x00000193cd7c3c00 'java/lang/invoke/LambdaForm$MH+0x00000193cd7c3c00'
Event: 104.472 Thread 0x00000193afddeb40 Unloading class 0x00000193cd7c3800 'java/lang/invoke/LambdaForm$MH+0x00000193cd7c3800'
Event: 104.472 Thread 0x00000193afddeb40 Unloading class 0x00000193cd7c3000 'java/lang/invoke/LambdaForm$MH+0x00000193cd7c3000'
Event: 104.472 Thread 0x00000193afddeb40 Unloading class 0x00000193cd7c2800 'java/lang/invoke/LambdaForm$MH+0x00000193cd7c2800'
Event: 104.472 Thread 0x00000193afddeb40 Unloading class 0x00000193cd7c2400 'java/lang/invoke/LambdaForm$MH+0x00000193cd7c2400'
Event: 104.472 Thread 0x00000193afddeb40 Unloading class 0x00000193cd7c2000 'java/lang/invoke/LambdaForm$MH+0x00000193cd7c2000'
Event: 104.472 Thread 0x00000193afddeb40 Unloading class 0x00000193cd7c1c00 'java/lang/invoke/LambdaForm$MH+0x00000193cd7c1c00'
Event: 104.472 Thread 0x00000193afddeb40 Unloading class 0x00000193cd7c1400 'java/lang/invoke/LambdaForm$MH+0x00000193cd7c1400'
Event: 104.473 Thread 0x00000193afddeb40 Unloading class 0x00000193cd7c1800 'java/lang/invoke/LambdaForm$MH+0x00000193cd7c1800'
Event: 104.473 Thread 0x00000193afddeb40 Unloading class 0x00000193cd7c0c00 'java/lang/invoke/LambdaForm$MH+0x00000193cd7c0c00'
Event: 104.473 Thread 0x00000193afddeb40 Unloading class 0x00000193cd7c0800 'java/lang/invoke/LambdaForm$MH+0x00000193cd7c0800'
Event: 104.473 Thread 0x00000193afddeb40 Unloading class 0x00000193cd7ac400 'java/lang/invoke/LambdaForm$MH+0x00000193cd7ac400'
Event: 104.473 Thread 0x00000193afddeb40 Unloading class 0x00000193cd7ab800 'java/lang/invoke/LambdaForm$DMH+0x00000193cd7ab800'
Event: 104.473 Thread 0x00000193afddeb40 Unloading class 0x00000193cd7aa400 'java/lang/invoke/LambdaForm$MH+0x00000193cd7aa400'
Event: 104.473 Thread 0x00000193afddeb40 Unloading class 0x00000193cd7aa000 'java/lang/invoke/LambdaForm$MH+0x00000193cd7aa000'
Event: 104.473 Thread 0x00000193afddeb40 Unloading class 0x00000193cd7a9800 'java/lang/invoke/LambdaForm$MH+0x00000193cd7a9800'
Event: 104.473 Thread 0x00000193afddeb40 Unloading class 0x00000193cd7a8800 'java/lang/invoke/LambdaForm$MH+0x00000193cd7a8800'
Event: 104.473 Thread 0x00000193afddeb40 Unloading class 0x00000193cd7a8400 'java/lang/invoke/LambdaForm$MH+0x00000193cd7a8400'

Classes redefined (0 events):
No events

Internal exceptions (20 events):
Event: 248.870 Thread 0x00000194175d0a50 Exception <a 'sun/nio/fs/WindowsException'{0x00000000d568c880}> (0x00000000d568c880) 
thrown [s\open\src\hotspot\share\prims\jni.cpp, line 520]
Event: 248.870 Thread 0x00000194175d0a50 Exception <a 'sun/nio/fs/WindowsException'{0x00000000d568cff8}> (0x00000000d568cff8) 
thrown [s\open\src\hotspot\share\prims\jni.cpp, line 520]
Event: 249.011 Thread 0x0000019418089df0 Exception <a 'sun/nio/fs/WindowsException'{0x00000000d57f4f10}> (0x00000000d57f4f10) 
thrown [s\open\src\hotspot\share\prims\jni.cpp, line 520]
Event: 249.013 Thread 0x0000019418089df0 Exception <a 'sun/nio/fs/WindowsException'{0x00000000d57f5450}> (0x00000000d57f5450) 
thrown [s\open\src\hotspot\share\prims\jni.cpp, line 520]
Event: 249.013 Thread 0x0000019418089df0 Exception <a 'sun/nio/fs/WindowsException'{0x00000000d5844390}> (0x00000000d5844390) 
thrown [s\open\src\hotspot\share\prims\jni.cpp, line 520]
Event: 249.013 Thread 0x0000019418089df0 Exception <a 'sun/nio/fs/WindowsException'{0x00000000d5856e30}> (0x00000000d5856e30) 
thrown [s\open\src\hotspot\share\prims\jni.cpp, line 520]
Event: 249.014 Thread 0x0000019418089df0 Exception <a 'sun/nio/fs/WindowsException'{0x00000000d5867b28}> (0x00000000d5867b28) 
thrown [s\open\src\hotspot\share\prims\jni.cpp, line 520]
Event: 249.014 Thread 0x0000019418089df0 Exception <a 'sun/nio/fs/WindowsException'{0x00000000d5868048}> (0x00000000d5868048) 
thrown [s\open\src\hotspot\share\prims\jni.cpp, line 520]
Event: 249.021 Thread 0x00000194175ce980 Exception <a 'sun/nio/fs/WindowsException'{0x00000000d56fb918}> (0x00000000d56fb918) 
thrown [s\open\src\hotspot\share\prims\jni.cpp, line 520]
Event: 249.021 Thread 0x00000194175ce980 Exception <a 'sun/nio/fs/WindowsException'{0x00000000d571d940}> (0x00000000d571d940) 
thrown [s\open\src\hotspot\share\prims\jni.cpp, line 520]
Event: 249.021 Thread 0x00000194175ce980 Exception <a 'sun/nio/fs/WindowsException'{0x00000000d5721f60}> (0x00000000d5721f60) 
thrown [s\open\src\hotspot\share\prims\jni.cpp, line 520]
Event: 249.021 Thread 0x00000194175ce980 Exception <a 'sun/nio/fs/WindowsException'{0x00000000d572cc48}> (0x00000000d572cc48) 
thrown [s\open\src\hotspot\share\prims\jni.cpp, line 520]
Event: 249.022 Thread 0x00000194175ce980 Exception <a 'sun/nio/fs/WindowsException'{0x00000000d5754d90}> (0x00000000d5754d90) 
thrown [s\open\src\hotspot\share\prims\jni.cpp, line 520]
Event: 249.022 Thread 0x00000194175ce980 Exception <a 'sun/nio/fs/WindowsException'{0x00000000d57552b0}> (0x00000000d57552b0) 
thrown [s\open\src\hotspot\share\prims\jni.cpp, line 520]
Event: 249.351 Thread 0x000001941808cbe0 Exception <a 'sun/nio/fs/WindowsException'{0x00000000d5640178}> (0x00000000d5640178) 
thrown [s\open\src\hotspot\share\prims\jni.cpp, line 520]
Event: 249.351 Thread 0x000001941808cbe0 Exception <a 'sun/nio/fs/WindowsException'{0x00000000d56406b8}> (0x00000000d56406b8) 
thrown [s\open\src\hotspot\share\prims\jni.cpp, line 520]
Event: 249.354 Thread 0x000001941808cbe0 Exception <a 'sun/nio/fs/WindowsException'{0x00000000d5698c80}> (0x00000000d5698c80) 
thrown [s\open\src\hotspot\share\prims\jni.cpp, line 520]
Event: 249.354 Thread 0x000001941808cbe0 Exception <a 'sun/nio/fs/WindowsException'{0x00000000d56991a0}> (0x00000000d56991a0) 
thrown [s\open\src\hotspot\share\prims\jni.cpp, line 520]
Event: 249.355 Thread 0x000001941808cbe0 Exception <a 'sun/nio/fs/WindowsException'{0x00000000d5799020}> (0x00000000d5799020) 
thrown [s\open\src\hotspot\share\prims\jni.cpp, line 520]
Event: 249.355 Thread 0x000001941808cbe0 Exception <a 'sun/nio/fs/WindowsException'{0x00000000d5799540}> (0x00000000d5799540) 
thrown [s\open\src\hotspot\share\prims\jni.cpp, line 520]

ZGC Phase Switch (0 events):
No events

VM Operations (20 events):
Event: 249.040 Executing VM operation: ParallelGCSystemGC (GCLocker Initiated GC) done
Event: 249.050 Executing VM operation: ParallelGCFailedAllocation (Allocation Failure)
Event: 249.052 Executing VM operation: ParallelGCFailedAllocation (Allocation Failure) done
Event: 249.088 Executing VM operation: ParallelGCFailedAllocation (Allocation Failure)
Event: 249.091 Executing VM operation: ParallelGCFailedAllocation (Allocation Failure) done
Event: 249.106 Executing VM operation: ParallelGCFailedAllocation (Allocation Failure)
Event: 249.118 Executing VM operation: ParallelGCFailedAllocation (Allocation Failure) done
Event: 249.161 Executing VM operation: ParallelGCFailedAllocation (Allocation Failure)
Event: 249.281 Executing VM operation: ParallelGCFailedAllocation (Allocation Failure) done
Event: 249.290 Executing VM operation: ParallelGCFailedAllocation (Allocation Failure)
Event: 249.305 Executing VM operation: ParallelGCFailedAllocation (Allocation Failure) done
Event: 249.339 Executing VM operation: ParallelGCFailedAllocation (Allocation Failure)
Event: 249.352 Executing VM operation: ParallelGCFailedAllocation (Allocation Failure) done
Event: 249.364 Executing VM operation: ParallelGCFailedAllocation (Allocation Failure)
Event: 249.391 Executing VM operation: ParallelGCFailedAllocation (Allocation Failure) done
Event: 249.413 Executing VM operation: ParallelGCFailedAllocation (Allocation Failure)
Event: 249.429 Executing VM operation: ParallelGCFailedAllocation (Allocation Failure) done
Event: 249.464 Executing VM operation: ParallelGCFailedAllocation (Allocation Failure)
Event: 249.553 Executing VM operation: ParallelGCFailedAllocation (Allocation Failure) done
Event: 249.617 Executing VM operation: ParallelGCFailedAllocation (Allocation Failure)

Events (20 events):
Event: 249.305 Thread 0x0000019418092130 Thread exited: 0x0000019418092130
Event: 249.306 Thread 0x000001941808c550 Thread added: 0x000001941808c550
Event: 249.307 Thread 0x000001941808b1a0 Thread exited: 0x000001941808b1a0
Event: 249.327 Thread 0x000001941808b1a0 Thread added: 0x000001941808b1a0
Event: 249.329 Thread 0x0000019418092130 Thread added: 0x0000019418092130
Event: 249.352 Thread 0x00000194180927c0 Thread added: 0x00000194180927c0
Event: 249.355 Thread 0x00000194180962d0 Thread added: 0x00000194180962d0
Event: 249.355 Thread 0x00000194180927c0 Thread exited: 0x00000194180927c0
Event: 249.356 Thread 0x0000019418094890 Thread added: 0x0000019418094890
Event: 249.361 Thread 0x00000194180962d0 Thread exited: 0x00000194180962d0
Event: 249.366 Thread 0x00000194180927c0 Thread added: 0x00000194180927c0
Event: 249.389 Thread 0x00000194180927c0 Thread exited: 0x00000194180927c0
Event: 249.398 Thread 0x00000194180927c0 Thread added: 0x00000194180927c0
Event: 249.400 Thread 0x0000019418097680 Thread added: 0x0000019418097680
Event: 249.401 Thread 0x00000194180927c0 Thread exited: 0x00000194180927c0
Event: 249.402 Thread 0x00000194180927c0 Thread added: 0x00000194180927c0
Event: 249.428 Thread 0x00000194180927c0 Thread exited: 0x00000194180927c0
Event: 249.429 Thread 0x00000194180927c0 Thread added: 0x00000194180927c0
Event: 249.552 Thread 0x0000019418098a30 Thread added: 0x0000019418098a30
Event: 249.554 Thread 0x00000194180990c0 Thread added: 0x00000194180990c0


Dynamic libraries:
0x00007ff634900000 - 0x00007ff63490e000 	F:\Dev\jdk-21\bin\java.exe
0x00007ff8e1200000 - 0x00007ff8e1466000 	C:\WINDOWS\SYSTEM32\ntdll.dll
0x00007ff8e0a00000 - 0x00007ff8e0ac9000 	C:\WINDOWS\System32\KERNEL32.DLL
0x00007ff8de9c0000 - 0x00007ff8dedbf000 	C:\WINDOWS\System32\KERNELBASE.dll
0x00007ff8dedd0000 - 0x00007ff8def1c000 	C:\WINDOWS\System32\ucrtbase.dll
0x00007ff86ffd0000 - 0x00007ff86ffe8000 	F:\Dev\jdk-21\bin\jli.dll
0x00007ff8e0f40000 - 0x00007ff8e1106000 	C:\WINDOWS\System32\USER32.dll
0x00007ff8de4d0000 - 0x00007ff8de4f7000 	C:\WINDOWS\System32\win32u.dll
0x00007ff8e0d70000 - 0x00007ff8e0d9b000 	C:\WINDOWS\System32\GDI32.dll
0x00007ff8de640000 - 0x00007ff8de769000 	C:\WINDOWS\System32\gdi32full.dll
0x00007ff8de590000 - 0x00007ff8de633000 	C:\WINDOWS\System32\msvcp_win.dll
0x00007ff86f6a0000 - 0x00007ff86f6bb000 	F:\Dev\jdk-21\bin\VCRUNTIME140.dll
0x00007ff8c7c50000 - 0x00007ff8c7ee1000 	C:\WINDOWS\WinSxS\amd64_microsoft.windows.common-controls_6595b64144ccf1df_6.0.26100.8972_none_3e0da176e32f9d4b\COMCTL32.dll
0x00007ff8e1110000 - 0x00007ff8e11b9000 	C:\WINDOWS\System32\msvcrt.dll
0x00007ff8e0d30000 - 0x00007ff8e0d62000 	C:\WINDOWS\System32\IMM32.DLL
0x00007ff8d8850000 - 0x00007ff8d885c000 	F:\Dev\jdk-21\bin\vcruntime140_1.dll
0x00007ff803e30000 - 0x00007ff803ebe000 	F:\Dev\jdk-21\bin\msvcp140.dll
0x00007ff803110000 - 0x00007ff803e23000 	F:\Dev\jdk-21\bin\server\jvm.dll
0x00007ff8df4a0000 - 0x00007ff8df55c000 	C:\WINDOWS\System32\ADVAPI32.dll
0x00007ff8e00f0000 - 0x00007ff8e019a000 	C:\WINDOWS\System32\sechost.dll
0x00007ff8dffd0000 - 0x00007ff8e00e8000 	C:\WINDOWS\System32\RPCRT4.dll
0x00007ff8df410000 - 0x00007ff8df492000 	C:\WINDOWS\System32\WS2_32.dll
0x00007ff8de270000 - 0x00007ff8de2ce000 	C:\WINDOWS\SYSTEM32\POWRPROF.dll
0x00007ff8c7ef0000 - 0x00007ff8c7f26000 	C:\WINDOWS\SYSTEM32\WINMM.dll
0x00007ff8d3a30000 - 0x00007ff8d3a3b000 	C:\WINDOWS\SYSTEM32\VERSION.dll
0x00007ff8de250000 - 0x00007ff8de265000 	C:\WINDOWS\SYSTEM32\UMPDC.dll
0x00007ff8dd100000 - 0x00007ff8dd11b000 	C:\WINDOWS\SYSTEM32\kernel.appcore.dll
0x00007ff8d8800000 - 0x00007ff8d880a000 	F:\Dev\jdk-21\bin\jimage.dll
0x00007ff8db960000 - 0x00007ff8dbba2000 	C:\WINDOWS\SYSTEM32\DBGHELP.DLL
0x00007ff8defc0000 - 0x00007ff8df345000 	C:\WINDOWS\System32\combase.dll
0x00007ff8e07c0000 - 0x00007ff8e0899000 	C:\WINDOWS\System32\OLEAUT32.dll
0x00007ff8bfa50000 - 0x00007ff8bfa8b000 	C:\WINDOWS\SYSTEM32\dbgcore.DLL
0x00007ff8de410000 - 0x00007ff8de4bc000 	C:\WINDOWS\System32\bcryptPrimitives.dll
0x00007ff8d7a80000 - 0x00007ff8d7a8f000 	F:\Dev\jdk-21\bin\instrument.dll
0x00007ff86f3c0000 - 0x00007ff86f3df000 	F:\Dev\jdk-21\bin\java.dll
0x00007ff8df5c0000 - 0x00007ff8dfd48000 	C:\WINDOWS\System32\SHELL32.dll
0x00007ff8dbea0000 - 0x00007ff8dc73b000 	C:\WINDOWS\SYSTEM32\windows.storage.dll
0x00007ff8e0230000 - 0x00007ff8e0329000 	C:\WINDOWS\System32\SHCORE.dll
0x00007ff8def40000 - 0x00007ff8defa6000 	C:\WINDOWS\System32\shlwapi.dll
0x00007ff8de330000 - 0x00007ff8de359000 	C:\WINDOWS\SYSTEM32\profapi.dll
0x00007ff803030000 - 0x00007ff803107000 	F:\Dev\jdk-21\bin\jsvml.dll
0x00007ff86cf90000 - 0x00007ff86cfa8000 	F:\Dev\jdk-21\bin\zip.dll
0x00007ff8d5310000 - 0x00007ff8d5320000 	F:\Dev\jdk-21\bin\net.dll
0x00007ff8d3df0000 - 0x00007ff8d3f18000 	C:\WINDOWS\SYSTEM32\WINHTTP.dll
0x00007ff8dd6b0000 - 0x00007ff8dd71c000 	C:\WINDOWS\system32\mswsock.dll
0x00007ff86a3b0000 - 0x00007ff86a3c6000 	F:\Dev\jdk-21\bin\nio.dll
0x00007ff8d2af0000 - 0x00007ff8d2b00000 	F:\Dev\jdk-21\bin\verify.dll
0x00007ff8a6980000 - 0x00007ff8a69c5000 	C:\Users\kmdadoo\AppData\Roaming\Code\User\globalStorage\redhat.java\1.56.0\config_win\org.eclipse.equinox.launcher\org.eclipse.equinox.launcher.win32.win32.x86_64_1.3.100.v20260804-1928\eclipse_11924.dll
0x00007ff8e0da0000 - 0x00007ff8e0f39000 	C:\WINDOWS\System32\ole32.dll
0x00007ff8dd9a0000 - 0x00007ff8dd9bb000 	C:\WINDOWS\SYSTEM32\CRYPTSP.dll
0x00007ff8dd060000 - 0x00007ff8dd099000 	C:\WINDOWS\system32\rsaenh.dll
0x00007ff8dd760000 - 0x00007ff8dd792000 	C:\WINDOWS\SYSTEM32\USERENV.dll
0x00007ff8de300000 - 0x00007ff8de32a000 	C:\WINDOWS\SYSTEM32\bcrypt.dll
0x00007ff8dd9c0000 - 0x00007ff8dd9cc000 	C:\WINDOWS\SYSTEM32\CRYPTBASE.dll
0x00007ff8dcae0000 - 0x00007ff8dcb13000 	C:\WINDOWS\SYSTEM32\IPHLPAPI.DLL
0x00007ff8defb0000 - 0x00007ff8defba000 	C:\WINDOWS\System32\NSI.dll
0x00007ff8a6890000 - 0x00007ff8a68d9000 	C:\Users\kmdadoo\AppData\Local\Temp\jna--605435003\jna7061043852210082903.dll
0x00007ff8def30000 - 0x00007ff8def38000 	C:\WINDOWS\System32\PSAPI.DLL
0x00007ff8d52e0000 - 0x00007ff8d52fd000 	C:\WINDOWS\SYSTEM32\dhcpcsvc6.DLL
0x00007ff8d52b0000 - 0x00007ff8d52d5000 	C:\WINDOWS\SYSTEM32\dhcpcsvc.DLL
0x00007ff8ca6c0000 - 0x00007ff8ca6e7000 	C:\Users\kmdadoo\.gradle\native\660c5614fbf4a5f2a75b1949f50a0caf5cd603558e7d8a26e50b933a0cfb79d1\windows-amd64\native-platform.dll
0x00007ff8d2b10000 - 0x00007ff8d2b1a000 	F:\Dev\jdk-21\bin\management.dll
0x00007ff8d2b00000 - 0x00007ff8d2b0b000 	F:\Dev\jdk-21\bin\management_ext.dll
0x00007ff8ccb70000 - 0x00007ff8ccb7e000 	F:\Dev\jdk-21\bin\sunmscapi.dll
0x00007ff8de770000 - 0x00007ff8de8ee000 	C:\WINDOWS\System32\CRYPT32.dll
0x00007ff8ddbe0000 - 0x00007ff8ddc10000 	C:\WINDOWS\SYSTEM32\ncrypt.dll
0x00007ff8ddb90000 - 0x00007ff8ddbcf000 	C:\WINDOWS\SYSTEM32\NTASN1.dll
0x00007ff8dcb80000 - 0x00007ff8dccd8000 	C:\WINDOWS\SYSTEM32\DNSAPI.dll
0x00007ff8dd490000 - 0x00007ff8dd49d000 	C:\WINDOWS\SYSTEM32\DSPARSE.dll
0x00007ff8d0b80000 - 0x00007ff8d0b8b000 	C:\Windows\System32\rasadhlp.dll
0x00007ff8d7c30000 - 0x00007ff8d7cb6000 	C:\WINDOWS\System32\fwpuclnt.dll
0x00007ff8ccb20000 - 0x00007ff8ccb27000 	F:\Dev\jdk-21\bin\extnet.dll
0x00007ff86ff00000 - 0x00007ff86ff08000 	C:\WINDOWS\system32\wshunix.dll

dbghelp: loaded successfully - version: 4.0.5 - missing functions: none
symbol engine: initialized successfully - sym options: 0x614 - pdb path: .;F:\Dev\jdk-21\bin;C:\WINDOWS\SYSTEM32;C:\WINDOWS\WinSxS\amd64_microsoft.windows.common-controls_6595b64144ccf1df_6.0.26100.8972_none_3e0da176e32f9d4b;F:\Dev\jdk-21\bin\server;C:\Users\kmdadoo\AppData\Roaming\Code\User\globalStorage\redhat.java\1.56.0\config_win\org.eclipse.equinox.launcher\org.eclipse.equinox.launcher.win32.win32.x86_64_1.3.100.v20260804-1928;C:\Users\kmdadoo\AppData\Local\Temp\jna--605435003;C:\Users\kmdadoo\.gradle\native\660c5614fbf4a5f2a75b1949f50a0caf5cd603558e7d8a26e50b933a0cfb79d1\windows-amd64

VM Arguments:
jvm_args: --add-modules=ALL-SYSTEM --add-opens=java.base/java.util=ALL-UNNAMED --add-opens=java.base/java.lang=ALL-UNNAMED --add-opens=java.base/sun.nio.fs=ALL-UNNAMED -Declipse.application=org.eclipse.jdt.ls.core.id1 -Dosgi.bundles.defaultStartLevel=4 -Declipse.product=org.eclipse.jdt.ls.core.product -Djava.import.generatesMetadataFilesAtProjectRoot=false -Dm2e.project.cache.size=50 -DDetectVMInstallationsJob.disabled=true -Dfile.encoding=utf8 -XX:+UseParallelGC -XX:GCTimeRatio=4 -XX:AdaptiveSizePolicyWeight=90 -Dsun.zip.disableMemoryMapping=true -Xmx2G -Xms100m -Xlog:disable -javaagent:c:\Users\kmdadoo\.vscode\extensions\redhat.java-1.56.0-win32-x64\lombok\lombok-1.18.39-4050.jar -XX:+HeapDumpOnOutOfMemoryError -XX:HeapDumpPath=c:\Users\kmdadoo\AppData\Roaming\Code\User\workspaceStorage\256d255e4daee0fba163b42d47ce564a\redhat.java -Daether.dependencyCollector.impl=bf 
java_command: c:\Users\kmdadoo\.vscode\extensions\redhat.java-1.56.0-win32-x64\server\plugins\org.eclipse.equinox.launcher_1.8.0.v20260804-1928.jar -configuration c:\Users\kmdadoo\AppData\Roaming\Code\User\globalStorage\redhat.java\1.56.0\config_win -data c:\Users\kmdadoo\AppData\Roaming\Code\User\workspaceStorage\256d255e4daee0fba163b42d47ce564a\redhat.java\jdt_ws --stdio
java_class_path (initial): c:\Users\kmdadoo\.vscode\extensions\redhat.java-1.56.0-win32-x64\server\plugins\org.eclipse.equinox.launcher_1.8.0.v20260804-1928.jar
Launcher Type: SUN_STANDARD

[Global flags]
    uintx AdaptiveSizePolicyWeight                 = 90                                        {product} {command line}
     intx CICompilerCount                          = 4                                         {product} {ergonomic}
    uintx GCTimeRatio                              = 4                                         {product} {command line}
     bool HeapDumpOnOutOfMemoryError               = true                                   {manageable} {command line}
    ccstr HeapDumpPath                             = c:\Users\kmdadoo\AppData\Roaming\Code\User\workspaceStorage\256d255e4daee0fba163b42d47ce564a\redhat.java         {manageable} {command line}
   size_t InitialHeapSize                          = 104857600                                 {product} {command line}
   size_t MaxHeapSize                              = 2147483648                                {product} {command line}
   size_t MaxNewSize                               = 715653120                                 {product} {ergonomic}
   size_t MinHeapDeltaBytes                        = 524288                                    {product} {ergonomic}
   size_t MinHeapSize                              = 104857600                                 {product} {command line}
   size_t NewSize                                  = 34603008                                  {product} {ergonomic}
    uintx NonNMethodCodeHeapSize                   = 5839372                                {pd product} {ergonomic}
    uintx NonProfiledCodeHeapSize                  = 122909434                              {pd product} {ergonomic}
   size_t OldSize                                  = 70254592                                  {product} {ergonomic}
    uintx ProfiledCodeHeapSize                     = 122909434                              {pd product} {ergonomic}
    uintx ReservedCodeCacheSize                    = 251658240                              {pd product} {ergonomic}
     bool SegmentedCodeCache                       = true                                      {product} {ergonomic}
   size_t SoftMaxHeapSize                          = 2147483648                             {manageable} {ergonomic}
     bool UseCompressedOops                        = true                           {product lp64_product} {ergonomic}
     bool UseLargePagesIndividualAllocation        = false                                  {pd product} {ergonomic}
     bool UseParallelGC                            = true                                      {product} {command line}

Logging:
Log output configuration:
 #0: stdout all=off uptime,level,tags foldmultilines=false
 #1: stderr all=off uptime,level,tags foldmultilines=false

Environment Variables:
JAVA_HOME=F:\Dev\jdk-21
PATH=F:\Dev\product\21c\dbhomeXE\bin;C:\WINDOWS\system32;C:\WINDOWS;C:\WINDOWS\System32\Wbem;C:\WINDOWS\System32\WindowsPowerShell\v1.0\;C:\WINDOWS\System32\OpenSSH\;C:\Program Files\Bandizip\;C:\Program Files\Calibre2\;F:\Dev\Git\cmd;F:\Dev\nodejs\;C:\Program Files\Docker\Docker\resources\bin;F:\De\PuTTY\;C:\Program Files (x86)\Windows Kits\10\Windows Performance Toolkit\;C:\Users\kmdadoo\AppData\Local\Programs\Python\Launcher\;C:\Users\kmdadoo\.local\bin;F:\Dev\jdk-21\bin;F:\Dev\flutter\bin;C:\Users\kmdadoo\AppData\Local\Microsoft\WindowsApps;F:\Dev\Microsoft VS Code\bin;C:\Users\kmdadoo\AppData\Local\Programs\Ollama;F:\Dev\Tesseract-OCR;C:\Users\kmdadoo\AppData\Roaming\npm;F:\Dev\nodejs;F:\Dev\MongoDB\Server\8.3\bin;F:\Dev\cursor\resources\app\bin;
USERNAME=kmdadoo
OS=Windows_NT
PROCESSOR_IDENTIFIER=Intel64 Family 6 Model 140 Stepping 1, GenuineIntel
TMP=C:\Users\kmdadoo\AppData\Local\Temp
TEMP=C:\Users\kmdadoo\AppData\Local\Temp




---------------  S Y S T E M  ---------------

OS:
 Windows 11 , 64 bit Build 26100 (10.0.26100.9168)
OS uptime: 0 days 1:01 hours
Hyper-V role detected

CPU: total 8 (initial active 8) (4 cores per cpu, 2 threads per core) family 6 model 140 stepping 1 microcode 0x8a, cx8, cmov, fxsr, ht, mmx, 3dnowpref, sse, sse2, sse3, ssse3, sse4.1, sse4.2, popcnt, lzcnt, tsc, tscinvbit, avx, avx2, aes, erms, clmul, bmi1, bmi2, adx, avx512f, avx512dq, avx512cd, avx512bw, avx512vl, sha, fma, vzeroupper, avx512_vpopcntdq, avx512_vpclmulqdq, avx512_vaes, avx512_vnni, clflush, clflushopt, clwb, avx512_vbmi2, avx512_vbmi, hv, rdtscp, rdpid, fsrm, gfni, avx512_bitalg, f16c, cet_ibt, cet_ss, avx512_ifma
Processor Information for all 8 processors :
  Max Mhz: 2419, Current Mhz: 2419, Mhz Limit: 2419

Memory: 4k page, system-wide physical 16107M (2420M free)
TotalPageFile size 45731M (AvailPageFile size 11M)
current process WorkingSet (physical memory assigned to process): 668M, peak: 792M
current process commit charge ("private bytes"): 618M, peak: 756M

vm_info: OpenJDK 64-Bit Server VM (21+35-2513) for windows-amd64 JRE (21+35-2513), built on 2023-08-09T20:25:10Z by "mach5one" with MS VC++ 17.1 (VS2022)

END.
