#
# There is insufficient memory for the Java Runtime Environment to continue.
# Native memory allocation (mmap) failed to map 65536 bytes for Failed to commit metaspace.
# Possible reasons:
#   The system is out of physical RAM or swap space
#   The process is running with CompressedOops enabled, and the Java Heap may be blocking the growth of the native heap
# Possible solutions:
#   Reduce memory load on the system
#   Increase physical memory or swap space
#   Check if swap backing store is full
#   Decrease Java heap size (-Xmx/-Xms)
#   Decrease number of Java threads
#   Decrease Java thread stack sizes (-Xss)
#   Set larger code cache with -XX:ReservedCodeCacheSize=
#   JVM is running with Unscaled Compressed Oops mode in which the Java heap is
#     placed in the first 4GB address space. The Java Heap base address is the
#     maximum limit for the native heap growth. Please use -XX:HeapBaseMinAddress
#     to set the Java Heap base and to place the Java Heap above 4GB virtual address.
# This output file may be truncated or incomplete.
#
#  Out of Memory Error (virtualSpaceNode.cpp:112), pid=29612, tid=19724
#
# JRE version: OpenJDK Runtime Environment (21.0+35) (build 21+35-2513)
# Java VM: OpenJDK 64-Bit Server VM (21+35-2513, mixed mode, sharing, tiered, compressed oops, compressed class ptrs, g1 gc, windows-amd64)
# No core dump will be written. Minidumps are not enabled by default on client versions of Windows
#

---------------  S U M M A R Y ------------

Command Line: --add-opens=java.base/java.lang=ALL-UNNAMED --add-opens=java.base/java.lang.invoke=ALL-UNNAMED --add-opens=java.base/java.util=ALL-UNNAMED --add-opens=java.prefs/java.util.prefs=ALL-UNNAMED --add-exports=jdk.compiler/com.sun.tools.javac.api=ALL-UNNAMED --add-exports=jdk.compiler/com.sun.tools.javac.util=ALL-UNNAMED --add-opens=java.base/java.nio.charset=ALL-UNNAMED --add-opens=java.base/java.net=ALL-UNNAMED --add-opens=java.base/java.util.concurrent=ALL-UNNAMED --add-opens=java.base/java.util.concurrent.atomic=ALL-UNNAMED --add-opens=java.xml/javax.xml.namespace=ALL-UNNAMED --add-opens=java.base/java.time=ALL-UNNAMED -XX:MaxMetaspaceSize=384m -XX:+HeapDumpOnOutOfMemoryError -Xms256m -Xmx512m -Dfile.encoding=UTF-8 -Duser.country=KR -Duser.language=ko -Duser.variant -javaagent:C:\Users\kmdadoo\.gradle\wrapper\dists\gradle-9.7.1-bin\1w1c7tv4s851m17nbqdsro2tv\gradle-9.7.1\lib\agents\gradle-instrumentation-agent-9.7.1.jar org.gradle.launcher.daemon.bootstrap.GradleDaemon 9.7.1

Host: 11th Gen Intel(R) Core(TM) i5-1135G7 @ 2.40GHz, 8 cores, 15G,  Windows 11 , 64 bit Build 26100 (10.0.26100.9168)
Time: Wed Sep  9 11:03:34 2026  Windows 11 , 64 bit Build 26100 (10.0.26100.9168) elapsed time: 112.004249 seconds (0d 0h 1m 52s)

---------------  T H R E A D  ---------------

Current thread (0x000002915feb1060):  JavaThread "Daemon worker"        [_thread_in_vm, id=19724, stack(0x000000b937700000,0x000000b937800000) (1024K)]

Stack: [0x000000b937700000,0x000000b937800000]
Native frames: (J=compiled Java code, j=interpreted, Vv=VM code, C=native code)
V  [jvm.dll+0x6c8d39]
V  [jvm.dll+0x854091]
V  [jvm.dll+0x85630e]
V  [jvm.dll+0x8569e3]
V  [jvm.dll+0x2809a6]
V  [jvm.dll+0x84fdce]
V  [jvm.dll+0x66c755]
V  [jvm.dll+0x1e666c]
V  [jvm.dll+0x1e643e]
V  [jvm.dll+0x66f06c]
V  [jvm.dll+0x66ee82]
V  [jvm.dll+0x66d12e]
V  [jvm.dll+0x677367]
V  [jvm.dll+0x217923]
V  [jvm.dll+0x217e65]
V  [jvm.dll+0x218881]
V  [jvm.dll+0x20db1e]
V  [jvm.dll+0x5ac48c]
V  [jvm.dll+0x7cd4ad]
V  [jvm.dll+0x47026a]
V  [jvm.dll+0x483686]
C  [java.dll+0x1657]

Java frames: (J=compiled Java code, j=interpreted, Vv=VM code)
J 2727  java.lang.ClassLoader.defineClass0(Ljava/lang/ClassLoader;Ljava/lang/Class;Ljava/lang/String;[BIILjava/security/ProtectionDomain;ZILjava/lang/Object;)Ljava/lang/Class; java.base@21 (0 bytes) @ 0x0000029139c7033c [0x0000029139c70240+0x00000000000000fc]
J 2726 c1 java.lang.System$2.defineClass(Ljava/lang/ClassLoader;Ljava/lang/Class;Ljava/lang/String;[BLjava/security/ProtectionDomain;ZILjava/lang/Object;)Ljava/lang/Class; java.base@21 (21 bytes) @ 0x00000291325d2a74 [0x00000291325d29c0+0x00000000000000b4]
J 2725 c1 java.lang.invoke.MethodHandles$Lookup$ClassDefiner.defineClass(ZLjava/lang/Object;)Ljava/lang/Class; java.base@21 (213 bytes) @ 0x00000291325d1e7c [0x00000291325d1980+0x00000000000004fc]
J 2965 c1 java.lang.invoke.InvokerBytecodeGenerator.loadMethod([B)Ljava/lang/invoke/MemberName; java.base@21 (39 bytes) @ 0x000002913266090c [0x0000029132660780+0x000000000000018c]
J 2578 c1 java.lang.invoke.InvokerBytecodeGenerator.generateCustomizedCode(Ljava/lang/invoke/LambdaForm;Ljava/lang/invoke/MethodType;)Ljava/lang/invoke/MemberName; java.base@21 (34 bytes) @ 0x0000029132589b44 [0x0000029132589980+0x00000000000001c4]
J 2696 c1 java.lang.invoke.LambdaForm.compileToBytecode()V java.base@21 (164 bytes) @ 0x00000291325ca61c [0x00000291325ca400+0x000000000000021c]
J 3338 c2 java.lang.invoke.MethodHandle.<init>(Ljava/lang/invoke/MethodType;Ljava/lang/invoke/LambdaForm;)V java.base@21 (37 bytes) @ 0x0000029139cf2eec [0x0000029139cf2dc0+0x000000000000012c]
J 1572 c1 java.lang.invoke.BoundMethodHandle.<init>(Ljava/lang/invoke/MethodType;Ljava/lang/invoke/LambdaForm;)V java.base@21 (32 bytes) @ 0x0000029132386ed4 [0x0000029132386e40+0x0000000000000094]
j  java.lang.invoke.BoundMethodHandle$Species_LLLLL.<init>(Ljava/lang/invoke/MethodType;Ljava/lang/invoke/LambdaForm;Ljava/lang/Object;Ljava/lang/Object;Ljava/lang/Object;Ljava/lang/Object;Ljava/lang/Object;)V+3 java.base@21
j  java.lang.invoke.BoundMethodHandle$Species_LLLLL.make(Ljava/lang/invoke/MethodType;Ljava/lang/invoke/LambdaForm;Ljava/lang/Object;Ljava/lang/Object;Ljava/lang/Object;Ljava/lang/Object;Ljava/lang/Object;)Ljava/lang/invoke/BoundMethodHandle;+14 java.base@21
j  java.lang.invoke.DirectMethodHandle$Holder.invokeStatic(Ljava/lang/Object;Ljava/lang/Object;Ljava/lang/Object;Ljava/lang/Object;Ljava/lang/Object;Ljava/lang/Object;Ljava/lang/Object;Ljava/lang/Object;)Ljava/lang/Object;+22 java.base@21
j  java.lang.invoke.BoundMethodHandle$Species_LLLL.copyWithExtendL(Ljava/lang/invoke/MethodType;Ljava/lang/invoke/LambdaForm;Ljava/lang/Object;)Ljava/lang/invoke/BoundMethodHandle;+26 java.base@21
J 2905 c1 java.lang.invoke.MethodHandleImpl.makePairwiseConvertByEditor(Ljava/lang/invoke/MethodHandle;Ljava/lang/invoke/MethodType;ZZ)Ljava/lang/invoke/MethodHandle; java.base@21 (617 bytes) @ 0x0000029132640194 [0x000002913263db20+0x0000000000002674]
J 2588 c1 java.lang.invoke.MethodHandleImpl.makePairwiseConvert(Ljava/lang/invoke/MethodHandle;Ljava/lang/invoke/MethodType;ZZ)Ljava/lang/invoke/MethodHandle; java.base@21 (22 bytes) @ 0x000002913258ea04 [0x000002913258e8c0+0x0000000000000144]
J 2050 c1 java.lang.invoke.MethodHandle.asTypeUncached(Ljava/lang/invoke/MethodType;)Ljava/lang/invoke/MethodHandle; java.base@21 (54 bytes) @ 0x000002913246c89c [0x000002913246c2e0+0x00000000000005bc]
J 2151 c1 java.lang.invoke.MethodHandle.asType(Ljava/lang/invoke/MethodType;)Ljava/lang/invoke/MethodHandle; java.base@21 (32 bytes) @ 0x00000291324a901c [0x00000291324a8e40+0x00000000000001dc]
j  java.lang.invoke.MethodHandle.asSpreader(ILjava/lang/Class;I)Ljava/lang/invoke/MethodHandle;+12 java.base@21
j  jdk.internal.reflect.MethodHandleAccessorFactory.makeSpecializedTarget(Ljava/lang/invoke/MethodHandle;ZZ)Ljava/lang/invoke/MethodHandle;+67 java.base@21
J 3352 c1 jdk.internal.reflect.MethodHandleAccessorFactory.getDirectMethod(Ljava/lang/reflect/Method;Z)Ljava/lang/invoke/MethodHandle; java.base@21 (83 bytes) @ 0x0000029132739844 [0x00000291327392e0+0x0000000000000564]
j  jdk.internal.reflect.MethodHandleAccessorFactory.newMethodAccessor(Ljava/lang/reflect/Method;Z)Ljdk/internal/reflect/MethodAccessorImpl;+41 java.base@21
J 3351 c1 jdk.internal.reflect.ReflectionFactory.newMethodAccessor(Ljava/lang/reflect/Method;Z)Ljdk/internal/reflect/MethodAccessor; java.base@21 (69 bytes) @ 0x0000029132738d54 [0x0000029132738b00+0x0000000000000254]
j  java.lang.reflect.Method.acquireMethodAccessor()Ljdk/internal/reflect/MethodAccessor;+38 java.base@21
J 2165 c1 java.lang.reflect.Method.invoke(Ljava/lang/Object;[Ljava/lang/Object;)Ljava/lang/Object; java.base@21 (108 bytes) @ 0x00000291324adf3c [0x00000291324adbc0+0x000000000000037c]
j  org.gradle.internal.reflect.JavaMethod.invoke(Ljava/lang/Object;[Ljava/lang/Object;)Ljava/lang/Object;+6
j  org.gradle.internal.service.ReflectionBasedServiceMethod.invoke(Ljava/lang/Object;[Ljava/lang/Object;)Ljava/lang/Object;+6
j  org.gradle.internal.service.DefaultServiceRegistry$FactoryMethodService.invokeMethod([Ljava/lang/Object;)Ljava/lang/Object;+28
J 3339 c1 org.gradle.internal.service.DefaultServiceRegistry$FactoryService.createServiceInstance()Ljava/lang/Object; (18 bytes) @ 0x0000029132735704 [0x00000291327355c0+0x0000000000000144]
j  org.gradle.internal.service.DefaultServiceRegistry$FactoryMethodService.createServiceInstance()Ljava/lang/Object;+1
J 2750 c1 org.gradle.internal.service.DefaultServiceRegistry$ManagedObjectServiceProvider.getInstance()Ljava/lang/Object; (44 bytes) @ 0x00000291325dc0a4 [0x00000291325dbee0+0x00000000000001c4]
J 2749 c1 org.gradle.internal.service.DefaultServiceRegistry$SingletonService.get()Ljava/lang/Object; (5 bytes) @ 0x00000291325db344 [0x00000291325db2c0+0x0000000000000084]
J 3340 c1 org.gradle.internal.service.DefaultServiceRegistry$FactoryService.assembleParameters()[Ljava/lang/Object; (89 bytes) @ 0x000002913273472c [0x0000029132733d00+0x0000000000000a2c]
J 3339 c1 org.gradle.internal.service.DefaultServiceRegistry$FactoryService.createServiceInstance()Ljava/lang/Object; (18 bytes) @ 0x000002913273564c [0x00000291327355c0+0x000000000000008c]
j  org.gradle.internal.service.DefaultServiceRegistry$FactoryMethodService.createServiceInstance()Ljava/lang/Object;+1
J 2750 c1 org.gradle.internal.service.DefaultServiceRegistry$ManagedObjectServiceProvider.getInstance()Ljava/lang/Object; (44 bytes) @ 0x00000291325dc0a4 [0x00000291325dbee0+0x00000000000001c4]
J 2749 c1 org.gradle.internal.service.DefaultServiceRegistry$SingletonService.get()Ljava/lang/Object; (5 bytes) @ 0x00000291325db344 [0x00000291325db2c0+0x0000000000000084]
J 3340 c1 org.gradle.internal.service.DefaultServiceRegistry$FactoryService.assembleParameters()[Ljava/lang/Object; (89 bytes) @ 0x000002913273472c [0x0000029132733d00+0x0000000000000a2c]
J 3339 c1 org.gradle.internal.service.DefaultServiceRegistry$FactoryService.createServiceInstance()Ljava/lang/Object; (18 bytes) @ 0x000002913273564c [0x00000291327355c0+0x000000000000008c]
j  org.gradle.internal.service.DefaultServiceRegistry$FactoryMethodService.createServiceInstance()Ljava/lang/Object;+1
J 2750 c1 org.gradle.internal.service.DefaultServiceRegistry$ManagedObjectServiceProvider.getInstance()Ljava/lang/Object; (44 bytes) @ 0x00000291325dc0a4 [0x00000291325dbee0+0x00000000000001c4]
J 2749 c1 org.gradle.internal.service.DefaultServiceRegistry$SingletonService.get()Ljava/lang/Object; (5 bytes) @ 0x00000291325db344 [0x00000291325db2c0+0x0000000000000084]
J 3340 c1 org.gradle.internal.service.DefaultServiceRegistry$FactoryService.assembleParameters()[Ljava/lang/Object; (89 bytes) @ 0x000002913273472c [0x0000029132733d00+0x0000000000000a2c]
J 3339 c1 org.gradle.internal.service.DefaultServiceRegistry$FactoryService.createServiceInstance()Ljava/lang/Object; (18 bytes) @ 0x000002913273564c [0x00000291327355c0+0x000000000000008c]
j  org.gradle.internal.service.DefaultServiceRegistry$FactoryMethodService.createServiceInstance()Ljava/lang/Object;+1
J 2750 c1 org.gradle.internal.service.DefaultServiceRegistry$ManagedObjectServiceProvider.getInstance()Ljava/lang/Object; (44 bytes) @ 0x00000291325dc0a4 [0x00000291325dbee0+0x00000000000001c4]
J 2749 c1 org.gradle.internal.service.DefaultServiceRegistry$SingletonService.get()Ljava/lang/Object; (5 bytes) @ 0x00000291325db344 [0x00000291325db2c0+0x0000000000000084]
J 3340 c1 org.gradle.internal.service.DefaultServiceRegistry$FactoryService.assembleParameters()[Ljava/lang/Object; (89 bytes) @ 0x000002913273472c [0x0000029132733d00+0x0000000000000a2c]
J 3339 c1 org.gradle.internal.service.DefaultServiceRegistry$FactoryService.createServiceInstance()Ljava/lang/Object; (18 bytes) @ 0x000002913273564c [0x00000291327355c0+0x000000000000008c]
j  org.gradle.internal.service.DefaultServiceRegistry$FactoryMethodService.createServiceInstance()Ljava/lang/Object;+1
J 2750 c1 org.gradle.internal.service.DefaultServiceRegistry$ManagedObjectServiceProvider.getInstance()Ljava/lang/Object; (44 bytes) @ 0x00000291325dc0a4 [0x00000291325dbee0+0x00000000000001c4]
J 2749 c1 org.gradle.internal.service.DefaultServiceRegistry$SingletonService.get()Ljava/lang/Object; (5 bytes) @ 0x00000291325db344 [0x00000291325db2c0+0x0000000000000084]
J 3340 c1 org.gradle.internal.service.DefaultServiceRegistry$FactoryService.assembleParameters()[Ljava/lang/Object; (89 bytes) @ 0x000002913273472c [0x0000029132733d00+0x0000000000000a2c]
J 3339 c1 org.gradle.internal.service.DefaultServiceRegistry$FactoryService.createServiceInstance()Ljava/lang/Object; (18 bytes) @ 0x000002913273564c [0x00000291327355c0+0x000000000000008c]
j  org.gradle.internal.service.DefaultServiceRegistry$FactoryMethodService.createServiceInstance()Ljava/lang/Object;+1
J 2750 c1 org.gradle.internal.service.DefaultServiceRegistry$ManagedObjectServiceProvider.getInstance()Ljava/lang/Object; (44 bytes) @ 0x00000291325dc0a4 [0x00000291325dbee0+0x00000000000001c4]
J 2749 c1 org.gradle.internal.service.DefaultServiceRegistry$SingletonService.get()Ljava/lang/Object; (5 bytes) @ 0x00000291325db344 [0x00000291325db2c0+0x0000000000000084]
J 3340 c1 org.gradle.internal.service.DefaultServiceRegistry$FactoryService.assembleParameters()[Ljava/lang/Object; (89 bytes) @ 0x000002913273472c [0x0000029132733d00+0x0000000000000a2c]
J 3339 c1 org.gradle.internal.service.DefaultServiceRegistry$FactoryService.createServiceInstance()Ljava/lang/Object; (18 bytes) @ 0x000002913273564c [0x00000291327355c0+0x000000000000008c]
j  org.gradle.internal.service.DefaultServiceRegistry$ConstructorService.createServiceInstance()Ljava/lang/Object;+1
J 2750 c1 org.gradle.internal.service.DefaultServiceRegistry$ManagedObjectServiceProvider.getInstance()Ljava/lang/Object; (44 bytes) @ 0x00000291325dc0a4 [0x00000291325dbee0+0x00000000000001c4]
J 2749 c1 org.gradle.internal.service.DefaultServiceRegistry$SingletonService.get()Ljava/lang/Object; (5 bytes) @ 0x00000291325db344 [0x00000291325db2c0+0x0000000000000084]
J 3340 c1 org.gradle.internal.service.DefaultServiceRegistry$FactoryService.assembleParameters()[Ljava/lang/Object; (89 bytes) @ 0x000002913273472c [0x0000029132733d00+0x0000000000000a2c]
J 3339 c1 org.gradle.internal.service.DefaultServiceRegistry$FactoryService.createServiceInstance()Ljava/lang/Object; (18 bytes) @ 0x000002913273564c [0x00000291327355c0+0x000000000000008c]
j  org.gradle.internal.service.DefaultServiceRegistry$ConstructorService.createServiceInstance()Ljava/lang/Object;+1
J 2750 c1 org.gradle.internal.service.DefaultServiceRegistry$ManagedObjectServiceProvider.getInstance()Ljava/lang/Object; (44 bytes) @ 0x00000291325dc0a4 [0x00000291325dbee0+0x00000000000001c4]
J 2749 c1 org.gradle.internal.service.DefaultServiceRegistry$SingletonService.get()Ljava/lang/Object; (5 bytes) @ 0x00000291325db344 [0x00000291325db2c0+0x0000000000000084]
j  org.gradle.internal.service.DefaultServiceRegistry.find(Ljava/lang/reflect/Type;)Ljava/lang/Object;+22
j  org.gradle.internal.service.DefaultServiceRegistry.get(Ljava/lang/reflect/Type;)Ljava/lang/Object;+2
j  org.gradle.internal.service.DefaultServiceRegistry.get(Ljava/lang/Class;)Ljava/lang/Object;+3
j  org.gradle.internal.build.DefaultBuildLifecycleControllerFactory.newInstance(Lorg/gradle/api/internal/BuildDefinition;Lorg/gradle/internal/service/ServiceRegistry;)Lorg/gradle/internal/build/BuildLifecycleController;+28
j  org.gradle.internal.service.scopes.BuildScopeServices.createBuildLifecycleController(Lorg/gradle/internal/build/BuildLifecycleControllerFactory;Lorg/gradle/api/internal/BuildDefinition;Lorg/gradle/internal/service/ServiceRegistry;)Lorg/gradle/internal/build/BuildLifecycleController;+3
j  java.lang.invoke.LambdaForm$DMH+0x00000291460ed400.invokeVirtual(Ljava/lang/Object;Ljava/lang/Object;Ljava/lang/Object;Ljava/lang/Object;Ljava/lang/Object;)Ljava/lang/Object;+16 java.base@21
j  java.lang.invoke.LambdaForm$MH+0x00000291461b8800.invoke(Ljava/lang/Object;Ljava/lang/Object;Ljava/lang/Object;Ljava/lang/Object;Ljava/lang/Object;)Ljava/lang/Object;+93 java.base@21
J 2166 c1 jdk.internal.reflect.DirectMethodHandleAccessor.invoke(Ljava/lang/Object;[Ljava/lang/Object;)Ljava/lang/Object; java.base@21 (92 bytes) @ 0x00000291324af8dc [0x00000291324ae9c0+0x0000000000000f1c]
J 2165 c1 java.lang.reflect.Method.invoke(Ljava/lang/Object;[Ljava/lang/Object;)Ljava/lang/Object; java.base@21 (108 bytes) @ 0x00000291324ae12c [0x00000291324adbc0+0x000000000000056c]
j  org.gradle.internal.reflect.JavaMethod.invoke(Ljava/lang/Object;[Ljava/lang/Object;)Ljava/lang/Object;+6
j  org.gradle.internal.service.ReflectionBasedServiceMethod.invoke(Ljava/lang/Object;[Ljava/lang/Object;)Ljava/lang/Object;+6
j  org.gradle.internal.service.DefaultServiceRegistry$FactoryMethodService.invokeMethod([Ljava/lang/Object;)Ljava/lang/Object;+28
j  org.gradle.internal.service.DefaultServiceRegistry$FactoryService.createServiceInstance()Ljava/lang/Object;+7
j  org.gradle.internal.service.DefaultServiceRegistry$FactoryMethodService.createServiceInstance()Ljava/lang/Object;+1
J 2750 c1 org.gradle.internal.service.DefaultServiceRegistry$ManagedObjectServiceProvider.getInstance()Ljava/lang/Object; (44 bytes) @ 0x00000291325dc0a4 [0x00000291325dbee0+0x00000000000001c4]
J 2749 c1 org.gradle.internal.service.DefaultServiceRegistry$SingletonService.get()Ljava/lang/Object; (5 bytes) @ 0x00000291325db344 [0x00000291325db2c0+0x0000000000000084]
j  org.gradle.internal.service.DefaultServiceRegistry.find(Ljava/lang/reflect/Type;)Ljava/lang/Object;+22
j  org.gradle.internal.service.DefaultServiceRegistry.get(Ljava/lang/reflect/Type;)Ljava/lang/Object;+2
j  org.gradle.internal.service.DefaultServiceRegistry.get(Ljava/lang/Class;)Ljava/lang/Object;+3
j  org.gradle.internal.build.AbstractBuildState.lambda$new$0()Lorg/gradle/internal/build/BuildLifecycleController;+6
j  org.gradle.internal.build.AbstractBuildState$$Lambda+0x00000291463b28b8.get()Ljava/lang/Object;+4
j  org.gradle.internal.lazy.LockingLazy.get()Ljava/lang/Object;+22
j  org.gradle.internal.build.AbstractBuildState.getBuildController()Lorg/gradle/internal/build/BuildLifecycleController;+4
j  org.gradle.composite.internal.DefaultRootBuildState.<init>(Lorg/gradle/api/internal/BuildDefinition;Lorg/gradle/internal/buildtree/BuildTreeServices;Lorg/gradle/internal/event/ListenerManager;)V+19
j  org.gradle.composite.internal.BuildStateFactory.createRootBuild(Lorg/gradle/api/internal/BuildDefinition;)Lorg/gradle/internal/build/RootBuildState;+13
j  org.gradle.composite.internal.DefaultIncludedBuildRegistry.createRootBuild(Lorg/gradle/api/internal/BuildDefinition;)Lorg/gradle/internal/build/RootBuildState;+23
j  org.gradle.launcher.exec.RootBuildLifecycleBuildActionExecutor.execute(Lorg/gradle/internal/invocation/BuildAction;)Lorg/gradle/internal/buildtree/BuildActionRunner$Result;+73
j  org.gradle.launcher.exec.DefaultBuildTreeActionExecutor.runBuildTreeLifecycle(Lorg/gradle/internal/invocation/BuildAction;Lorg/gradle/internal/service/ServiceRegistry;)Lorg/gradle/internal/buildtree/BuildActionRunner$Result;+83
j  org.gradle.launcher.exec.DefaultBuildTreeActionExecutor.access$100(Lorg/gradle/launcher/exec/DefaultBuildTreeActionExecutor;Lorg/gradle/internal/invocation/BuildAction;Lorg/gradle/internal/service/ServiceRegistry;)Lorg/gradle/internal/buildtree/BuildActionRunner$Result;+3
j  org.gradle.launcher.exec.DefaultBuildTreeActionExecutor$2.call(Lorg/gradle/internal/operations/BuildOperationContext;)Lorg/gradle/internal/buildtree/BuildActionRunner$Result;+22
j  org.gradle.launcher.exec.DefaultBuildTreeActionExecutor$2.call(Lorg/gradle/internal/operations/BuildOperationContext;)Ljava/lang/Object;+2
j  org.gradle.internal.operations.DefaultBuildOperationRunner$CallableBuildOperationWorker.execute(Lorg/gradle/internal/operations/CallableBuildOperation;Lorg/gradle/internal/operations/BuildOperationContext;)V+3
j  org.gradle.internal.operations.DefaultBuildOperationRunner$CallableBuildOperationWorker.execute(Lorg/gradle/internal/operations/BuildOperation;Lorg/gradle/internal/operations/BuildOperationContext;)V+6
j  org.gradle.internal.operations.DefaultBuildOperationRunner$2.execute(Lorg/gradle/internal/operations/BuildOperationDescriptor;Lorg/gradle/internal/operations/BuildOperationState;Lorg/gradle/internal/operations/BuildOperationState;Lorg/gradle/internal/operations/DefaultBuildOperationRunner$ReadableBuildOperationContext;Lorg/gradle/internal/operations/DefaultBuildOperationRunner$BuildOperationExecutionListener;)Lorg/gradle/internal/operations/BuildOperation;+22
j  org.gradle.internal.operations.DefaultBuildOperationRunner$2.execute(Lorg/gradle/internal/operations/BuildOperationDescriptor;Lorg/gradle/internal/operations/BuildOperationState;Lorg/gradle/internal/operations/BuildOperationState;Lorg/gradle/internal/operations/DefaultBuildOperationRunner$ReadableBuildOperationContext;Lorg/gradle/internal/operations/DefaultBuildOperationRunner$BuildOperationExecutionListener;)Ljava/lang/Object;+8
j  org.gradle.internal.operations.DefaultBuildOperationRunner.execute(Lorg/gradle/internal/operations/BuildOperationDescriptor$Builder;Lorg/gradle/internal/operations/DefaultBuildOperationRunner$BuildOperationExecution;)Ljava/lang/Object;+141
j  org.gradle.internal.operations.DefaultBuildOperationRunner.execute(Lorg/gradle/internal/operations/BuildOperation;Lorg/gradle/internal/operations/BuildOperationWorker;)V+17
j  org.gradle.internal.operations.DefaultBuildOperationRunner.call(Lorg/gradle/internal/operations/CallableBuildOperation;)Ljava/lang/Object;+12
j  org.gradle.launcher.exec.DefaultBuildTreeActionExecutor.runAsBuildOperation(Lorg/gradle/internal/invocation/BuildAction;Lorg/gradle/internal/service/ServiceRegistry;)Lorg/gradle/internal/buildtree/BuildActionRunner$Result;+23
j  org.gradle.launcher.exec.DefaultBuildTreeActionExecutor.lambda$runBuildTreeAction$0(Lorg/gradle/internal/invocation/BuildAction;Lorg/gradle/internal/service/ServiceRegistry;)Lorg/gradle/internal/buildtree/BuildActionRunner$Result;+3
j  org.gradle.launcher.exec.DefaultBuildTreeActionExecutor$$Lambda+0x00000291462e7000.create()Ljava/lang/Object;+12
j  org.gradle.internal.work.DefaultWorkerLeaseService.lambda$runAndReleaseLocks$0(Lorg/gradle/internal/Factory;Ljava/util/Collection;)Ljava/lang/Object;+1
j  org.gradle.internal.work.DefaultWorkerLeaseService$$Lambda+0x00000291462e8ad8.create()Ljava/lang/Object;+12
j  org.gradle.internal.work.ResourceLockStatistics$1.measure(Ljava/lang/String;Ljava/lang/Iterable;Lorg/gradle/internal/Factory;)Ljava/lang/Object;+1
j  org.gradle.internal.work.DefaultWorkerLeaseService.runAndReleaseLocks(Ljava/util/Collection;Lorg/gradle/internal/Factory;)Ljava/lang/Object;+16
j  org.gradle.internal.work.DefaultWorkerLeaseService.withLocksAcquired(Ljava/util/Collection;Lorg/gradle/internal/Factory;)Ljava/lang/Object;+8
j  org.gradle.internal.work.DefaultWorkerLeaseService.withLocks(Ljava/util/Collection;Lorg/gradle/internal/Factory;)Ljava/lang/Object;+25
j  org.gradle.internal.work.DefaultWorkerLeaseService.runAsWorkerThread(Lorg/gradle/internal/Factory;)Ljava/lang/Object;+33
j  org.gradle.launcher.exec.DefaultBuildTreeActionExecutor.runBuildTreeAction(Lorg/gradle/internal/invocation/BuildAction;Lorg/gradle/internal/service/ServiceRegistry;)Lorg/gradle/internal/buildtree/BuildActionRunner$Result;+12
j  org.gradle.tooling.internal.provider.continuous.ContinuousBuildActionExecutor.execute(Lorg/gradle/internal/invocation/BuildAction;Lorg/gradle/internal/session/BuildSessionContext;)Lorg/gradle/internal/buildtree/BuildActionRunner$Result;+63
j  org.gradle.tooling.internal.provider.SubscribableBuildActionExecutor.execute(Lorg/gradle/internal/invocation/BuildAction;Lorg/gradle/internal/session/BuildSessionContext;)Lorg/gradle/internal/buildtree/BuildActionRunner$Result;+30
j  org.gradle.internal.session.DefaultBuildSessionContext.execute(Lorg/gradle/internal/invocation/BuildAction;)Lorg/gradle/internal/buildtree/BuildActionRunner$Result;+64
j  org.gradle.internal.buildprocess.execution.BuildSessionLifecycleBuildActionExecutor$ActionImpl.apply(Lorg/gradle/internal/session/BuildSessionContext;)Lorg/gradle/launcher/exec/BuildActionResult;+6
j  org.gradle.internal.buildprocess.execution.BuildSessionLifecycleBuildActionExecutor$ActionImpl.apply(Ljava/lang/Object;)Ljava/lang/Object;+5
j  org.gradle.internal.session.BuildSessionState.run(Ljava/util/function/Function;)Ljava/lang/Object;+5
j  org.gradle.internal.buildprocess.execution.BuildSessionLifecycleBuildActionExecutor.execute(Lorg/gradle/internal/invocation/BuildAction;Lorg/gradle/launcher/exec/BuildActionParameters;Lorg/gradle/initialization/BuildRequestContext;)Lorg/gradle/launcher/exec/BuildActionResult;+105
j  org.gradle.internal.buildprocess.execution.BuildSessionLifecycleBuildActionExecutor.execute(Lorg/gradle/internal/invocation/BuildAction;Ljava/lang/Object;Ljava/lang/Object;)Lorg/gradle/launcher/exec/BuildActionResult;+10
j  org.gradle.internal.buildprocess.execution.StartParamsValidatingActionExecutor.execute(Lorg/gradle/internal/invocation/BuildAction;Lorg/gradle/launcher/exec/BuildActionParameters;Lorg/gradle/initialization/BuildRequestContext;)Lorg/gradle/launcher/exec/BuildActionResult;+142
j  org.gradle.internal.buildprocess.execution.StartParamsValidatingActionExecutor.execute(Lorg/gradle/internal/invocation/BuildAction;Ljava/lang/Object;Ljava/lang/Object;)Lorg/gradle/launcher/exec/BuildActionResult;+10
j  org.gradle.internal.buildprocess.execution.SessionFailureReportingActionExecutor.execute(Lorg/gradle/internal/invocation/BuildAction;Lorg/gradle/launcher/exec/BuildActionParameters;Lorg/gradle/initialization/BuildRequestContext;)Lorg/gradle/launcher/exec/BuildActionResult;+7
j  org.gradle.internal.buildprocess.execution.SessionFailureReportingActionExecutor.execute(Lorg/gradle/internal/invocation/BuildAction;Ljava/lang/Object;Ljava/lang/Object;)Lorg/gradle/launcher/exec/BuildActionResult;+10
j  org.gradle.internal.buildprocess.execution.SetupLoggingActionExecutor.execute(Lorg/gradle/internal/invocation/BuildAction;Lorg/gradle/launcher/exec/BuildActionParameters;Lorg/gradle/initialization/BuildRequestContext;)Lorg/gradle/launcher/exec/BuildActionResult;+50
j  org.gradle.internal.buildprocess.execution.SetupLoggingActionExecutor.execute(Lorg/gradle/internal/invocation/BuildAction;Ljava/lang/Object;Ljava/lang/Object;)Lorg/gradle/launcher/exec/BuildActionResult;+10
j  org.gradle.launcher.daemon.server.exec.ExecuteBuild.doBuild(Lorg/gradle/launcher/daemon/server/api/DaemonCommandExecution;Lorg/gradle/launcher/daemon/protocol/Build;)V+147
j  org.gradle.launcher.daemon.server.exec.BuildCommandOnly.execute(Lorg/gradle/launcher/daemon/server/api/DaemonCommandExecution;)V+49
j  org.gradle.launcher.daemon.server.api.DaemonCommandExecution.proceed()Z+23
j  org.gradle.launcher.daemon.server.exec.WatchForDisconnection.execute(Lorg/gradle/launcher/daemon/server/api/DaemonCommandExecution;)V+19
j  org.gradle.launcher.daemon.server.api.DaemonCommandExecution.proceed()Z+23
j  org.gradle.launcher.daemon.server.exec.ResetDeprecationLogger.execute(Lorg/gradle/launcher/daemon/server/api/DaemonCommandExecution;)V+7
j  org.gradle.launcher.daemon.server.api.DaemonCommandExecution.proceed()Z+23
j  org.gradle.launcher.daemon.server.exec.RequestStopIfSingleUsedDaemon.execute(Lorg/gradle/launcher/daemon/server/api/DaemonCommandExecution;)V+33
j  org.gradle.launcher.daemon.server.api.DaemonCommandExecution.proceed()Z+23
j  org.gradle.launcher.daemon.server.exec.ForwardClientInput.lambda$execute$0(Lorg/gradle/launcher/daemon/server/api/DaemonCommandExecution;Lorg/gradle/internal/daemon/clientinput/StdinHandler;)Ljava/lang/Object;+11
j  org.gradle.launcher.daemon.server.exec.ForwardClientInput$$Lambda+0x0000029146195fc0.apply(Ljava/lang/Object;)Ljava/lang/Object;+8
j  org.gradle.internal.daemon.clientinput.ClientInputForwarder.forwardInput(Ljava/util/function/Function;)Ljava/lang/Object;+46
j  org.gradle.launcher.daemon.server.exec.ForwardClientInput.execute(Lorg/gradle/launcher/daemon/server/api/DaemonCommandExecution;)V+10
j  org.gradle.launcher.daemon.server.api.DaemonCommandExecution.proceed()Z+23
j  org.gradle.launcher.daemon.server.exec.LogAndCheckHealth.execute(Lorg/gradle/launcher/daemon/server/api/DaemonCommandExecution;)V+51
j  org.gradle.launcher.daemon.server.api.DaemonCommandExecution.proceed()Z+23
j  org.gradle.launcher.daemon.server.exec.ApplyClientEnvironmentVariables.doBuild(Lorg/gradle/launcher/daemon/server/api/DaemonCommandExecution;Lorg/gradle/launcher/daemon/protocol/Build;)V+133
j  org.gradle.launcher.daemon.server.exec.BuildCommandOnly.execute(Lorg/gradle/launcher/daemon/server/api/DaemonCommandExecution;)V+49
j  org.gradle.launcher.daemon.server.api.DaemonCommandExecution.proceed()Z+23
j  org.gradle.launcher.daemon.server.exec.LogToClient.doBuild(Lorg/gradle/launcher/daemon/server/api/DaemonCommandExecution;Lorg/gradle/launcher/daemon/protocol/Build;)V+87
j  org.gradle.launcher.daemon.server.exec.BuildCommandOnly.execute(Lorg/gradle/launcher/daemon/server/api/DaemonCommandExecution;)V+49
j  org.gradle.launcher.daemon.server.api.DaemonCommandExecution.proceed()Z+23
j  org.gradle.launcher.daemon.server.exec.EstablishBuildEnvironment.doBuild(Lorg/gradle/launcher/daemon/server/api/DaemonCommandExecution;Lorg/gradle/launcher/daemon/protocol/Build;)V+225
j  org.gradle.launcher.daemon.server.exec.BuildCommandOnly.execute(Lorg/gradle/launcher/daemon/server/api/DaemonCommandExecution;)V+49
j  org.gradle.launcher.daemon.server.api.DaemonCommandExecution.proceed()Z+23
j  org.gradle.launcher.daemon.server.exec.StartBuildOrRespondWithBusy$1.run()V+44
j  org.gradle.launcher.daemon.server.DaemonStateCoordinator.lambda$runCommand$0(Ljava/lang/Runnable;)V+1
j  org.gradle.launcher.daemon.server.DaemonStateCoordinator$$Lambda+0x0000029146194b98.run()V+8
j  org.gradle.internal.concurrent.ExecutorPolicy$CatchAndRecordFailures.onExecute(Ljava/lang/Runnable;)V+1
j  org.gradle.internal.concurrent.AbstractManagedExecutor$1.run()V+25
j  java.util.concurrent.ThreadPoolExecutor.runWorker(Ljava/util/concurrent/ThreadPoolExecutor$Worker;)V+92 java.base@21
j  java.util.concurrent.ThreadPoolExecutor$Worker.run()V+5 java.base@21
j  java.lang.Thread.runWith(Ljava/lang/Object;Ljava/lang/Runnable;)V+5 java.base@21
j  java.lang.Thread.run()V+19 java.base@21
v  ~StubRoutines::call_stub 0x00000291395b10e7

Compiled method (n/a)  112202 2727     n 0       java.lang.ClassLoader::defineClass0 (native)
 total in heap  [0x0000029139c70090,0x0000029139c70820] = 1936
 relocation     [0x0000029139c701f0,0x0000029139c70230] = 64
 main code      [0x0000029139c70240,0x0000029139c7081a] = 1498
 stub code      [0x0000029139c7081a,0x0000029139c70820] = 6

[Constant Pool (empty)]

[MachCode]
[Entry Point]
  # {method} {0x000002914543af30} 'defineClass0' '(Ljava/lang/ClassLoader;Ljava/lang/Class;Ljava/lang/String;[BIILjava/security/ProtectionDomain;ZILjava/lang/Object;)Ljava/lang/Class;' in 'java/lang/ClassLoader'
  # parm0:    rdx:rdx   = 'java/lang/ClassLoader'
  # parm1:    r8:r8     = 'java/lang/Class'
  # parm2:    r9:r9     = 'java/lang/String'
  # parm3:    rdi:rdi   = '[B'
  # parm4:    rsi       = int
  # parm5:    rcx       = int
  # parm6:    [sp+0xb0]   = 'java/security/ProtectionDomain'  (sp of caller)
  # parm7:    [sp+0xb8]   = boolean
  # parm8:    [sp+0xc0]   = int
  # parm9:    [sp+0xc8]   = 'java/lang/Object'
  0x0000029139c70240: 448b 5208 | 49bb 0000 | 0045 9102 | 0000 4d03 | d349 3bc2 | 0f84 0600 

  0x0000029139c70258: ;   {runtime_call ic_miss_stub}
  0x0000029139c70258: 0000 e921 | e798 ff90 
[Verified Entry Point]
  0x0000029139c70260: 8984 2400 | 80ff ff55 | 488b ec48 | 81ec a000 | 0000 6690 | 4181 7f20 | 0300 0000 

  0x0000029139c7027c: ;   {runtime_call StubRoutines (final stubs)}
  0x0000029139c7027c: 7405 e8fd | 5a97 ff48 | 837d 2800 | 488d 4528 | 480f 4445 | 2848 8944 | 2458 4863 | 4520 4889 
  0x0000029139c7029c: 4424 5048 | 6345 1848 | 8944 2448 | 4883 7d10 | 0048 8d45 | 1048 0f44 | 4510 4889 | 4424 4048 
  0x0000029139c702bc: 894c 2438 | 4889 7424 | 3048 897c | 2478 4883 | ff00 488d | 4424 7848 | 0f44 4424 | 7848 8944 
  0x0000029139c702dc: 2428 4c89 | 4c24 7049 | 83f9 0048 | 8d44 2470 | 480f 4444 | 2470 4889 | 4424 204c | 8944 2468 
  0x0000029139c702fc: 4983 f800 | 4c8d 4c24 | 684c 0f44 | 4c24 6848 | 8954 2460 | 4883 fa00 | 4c8d 4424 | 604c 0f44 
  0x0000029139c7031c: ;   {oop(a 'java/lang/Class'{0x00000000e0782cf8} = 'java/lang/ClassLoader')}
  0x0000029139c7031c: 4424 6049 | bef8 2c78 | e000 0000 | 004c 89b4 | 2490 0000 | 004c 8db4 | 2490 0000 | 0049 8bd6 
  0x0000029139c7033c: ;   {internal_word}
  0x0000029139c7033c: c5f8 7749 | ba3c 03c7 | 3991 0200 | 004d 8997 | a003 0000 | 4989 a798 

  0x0000029139c70354: ;   {external_word}
  0x0000029139c70354: 0300 0049 | ba19 05d3 | 03f8 7f00 | 0041 803a | 000f 844e | 0000 0052 | 4150 4151 

  0x0000029139c70370: ;   {metadata({method} {0x000002914543af30} 'defineClass0' '(Ljava/lang/ClassLoader;Ljava/lang/Class;Ljava/lang/String;[BIILjava/security/ProtectionDomain;ZILjava/lang/Object;)Ljava/lang/Class;' in 'java/lang/ClassLoader')}
  0x0000029139c70370: 48ba 28af | 4345 9102 | 0000 498b | cf48 83ec | 2040 f6c4 | 0f0f 8419 | 0000 0048 

  0x0000029139c7038c: ;   {runtime_call}
  0x0000029139c7038c: 83ec 0848 | b880 e883 | 03f8 7f00 | 00ff d048 | 83c4 08e9 | 0c00 0000 

  0x0000029139c703a4: ;   {runtime_call}
  0x0000029139c703a4: 48b8 80e8 | 8303 f87f | 0000 ffd0 | 4883 c420 | 4159 4158 | 5a49 8d8f | b803 0000 | 41c7 874c 
  0x0000029139c703c4: 0400 0004 

  0x0000029139c703c8: ;   {runtime_call}
  0x0000029139c703c8: 0000 0048 | b81c 153c | 6ff8 7f00 | 00ff d0c5 | f877 41c7 | 874c 0400 | 0005 0000 | 00f0 8344 
  0x0000029139c703e8: 24c0 0049 | 3baf 5004 | 0000 0f87 | 0e00 0000 | 4183 bf48 | 0400 0000 | 0f84 2b00 | 0000 c5f8 
  0x0000029139c70408: 7748 8945 | f849 8bcf | 4c8b e448 | 83ec 2048 

  0x0000029139c70418: ;   {runtime_call}
  0x0000029139c70418: 83e4 f048 | b870 bc4f | 03f8 7f00 | 00ff d049 | 8be4 4d33 | e448 8b45 | f841 c787 | 4c04 0000 
  0x0000029139c70438: 0800 0000 | 4183 bfc8 | 0400 0002 | 0f84 a303 

  0x0000029139c70448: ;   {external_word}
  0x0000029139c70448: 0000 49ba | 1905 d303 | f87f 0000 | 4180 3a00 | 0f84 4c00 | 0000 4889 

  0x0000029139c70460: ;   {metadata({method} {0x000002914543af30} 'defineClass0' '(Ljava/lang/ClassLoader;Ljava/lang/Class;Ljava/lang/String;[BIILjava/security/ProtectionDomain;ZILjava/lang/Object;)Ljava/lang/Class;' in 'java/lang/ClassLoader')}
  0x0000029139c70460: 45f8 48ba | 28af 4345 | 9102 0000 | 498b cf48 | 83ec 2040 | f6c4 0f0f | 8419 0000 | 0048 83ec 
  0x0000029139c70480: ;   {runtime_call}
  0x0000029139c70480: 0848 b880 | e883 03f8 | 7f00 00ff | d048 83c4 | 08e9 0c00 

  0x0000029139c70494: ;   {runtime_call}
  0x0000029139c70494: 0000 48b8 | 80e8 8303 | f87f 0000 | ffd0 4883 | c420 488b | 45f8 49c7 | 8798 0300 | 0000 0000 
  0x0000029139c704b4: 0049 c787 | a003 0000 | 0000 0000 | c5f8 7748 | 85c0 0f84 | fe02 0000 | a803 0f85 | 0800 0000 
  0x0000029139c704d4: 488b 00e9 | ee02 0000 | a801 0f85 | 0900 0000 | 488b 40fe | e9dd 0200 | 0048 8b40 | ff41 807f 
  0x0000029139c704f4: 4000 0f84 | ce02 0000 | 4883 f800 | 0f84 c402 | 0000 498b | 4f28 4883 | f900 0f84 | 1400 0000 
  0x0000029139c70514: 4883 e908 | 4989 4f28 | 4903 4f38 | 4889 01e9 | a202 0000 | 4881 ec50 | 0100 0048 | 8904 2448 
  0x0000029139c70534: 894c 2408 | 4889 5424 | 1048 8974 | 2418 4889 | 7c24 204c | 8944 2428 | 4c89 4c24 | 304c 8954 
  0x0000029139c70554: 2438 4c89 | 5c24 40c5 | fb11 4424 | 50c5 fb11 | 4c24 58c5 | fb11 5424 | 60c5 fb11 | 5c24 68c5 
  0x0000029139c70574: fb11 6424 | 70c5 fb11 | 6c24 78c5 | fb11 b424 | 8000 0000 | c5fb 11bc | 2488 0000 | 00c5 7b11 
  0x0000029139c70594: ;   {no_reloc}
  0x0000029139c70594: 8424 9000 | 0000 c57b | 118c 2498 | 0000 00c5 | 7b11 9424 | a000 0000 | c57b 119c | 24a8 0000 
  0x0000029139c705b4: 00c5 7b11 | a424 b000 | 0000 c57b | 11ac 24b8 | 0000 00c5 | 7b11 b424 | c000 0000 | c57b 11bc 
  0x0000029139c705d4: 24c8 0000 | 0062 e1ff | 0811 4424 | 1a62 e1ff | 0811 4c24 | 1b62 e1ff | 0811 5424 | 1c62 e1ff 
  0x0000029139c705f4: 0811 5c24 | 1d62 e1ff | 0811 6424 | 1e62 e1ff | 0811 6c24 | 1f62 e1ff | 0811 7424 | 2062 e1ff 
  0x0000029139c70614: 0811 7c24 | 2162 61ff | 0811 4424 | 2262 61ff | 0811 4c24 | 2362 61ff | 0811 5424 | 2462 61ff 
  0x0000029139c70634: 0811 5c24 | 2562 61ff | 0811 6424 | 2662 61ff | 0811 6c24 | 2762 61ff | 0811 7424 | 2862 61ff 
  0x0000029139c70654: 0811 7c24 | 2949 8bd7 | 488b c848 | 83ec 2040 | f6c4 0f0f | 8419 0000 | 0048 83ec 

  0x0000029139c70670: ;   {runtime_call}
  0x0000029139c70670: 0848 b880 | 2043 03f8 | 7f00 00ff | d048 83c4 | 08e9 0c00 

  0x0000029139c70684: ;   {runtime_call}
  0x0000029139c70684: 0000 48b8 | 8020 4303 | f87f 0000 | ffd0 4883 | c420 6261 | ff08 107c | 2429 6261 | ff08 1074 
  0x0000029139c706a4: 2428 6261 | ff08 106c | 2427 6261 | ff08 1064 | 2426 6261 | ff08 105c | 2425 6261 | ff08 1054 
  0x0000029139c706c4: 2424 6261 | ff08 104c | 2423 6261 | ff08 1044 | 2422 62e1 | ff08 107c | 2421 62e1 | ff08 1074 
  0x0000029139c706e4: 2420 62e1 | ff08 106c | 241f 62e1 | ff08 1064 | 241e 62e1 | ff08 105c | 241d 62e1 | ff08 1054 
  0x0000029139c70704: 241c 62e1 | ff08 104c | 241b 62e1 | ff08 1044 | 241a c57b | 10bc 24c8 | 0000 00c5 | 7b10 b424 
  0x0000029139c70724: c000 0000 | c57b 10ac | 24b8 0000 | 00c5 7b10 | a424 b000 | 0000 c57b | 109c 24a8 | 0000 00c5 
  0x0000029139c70744: 7b10 9424 | a000 0000 | c57b 108c | 2498 0000 | 00c5 7b10 | 8424 9000 | 0000 c5fb | 10bc 2488 
  0x0000029139c70764: 0000 00c5 | fb10 b424 | 8000 0000 | c5fb 106c | 2478 c5fb | 1064 2470 | c5fb 105c | 2468 c5fb 
  0x0000029139c70784: ;   {no_reloc}
  0x0000029139c70784: 1054 2460 | c5fb 104c | 2458 c5fb | 1044 2450 | 4c8b 5c24 | 404c 8b54 | 2438 4c8b | 4c24 304c 
  0x0000029139c707a4: 8b44 2428 | 488b 7c24 | 2048 8b74 | 2418 488b | 5424 1048 | 8b4c 2408 | 488b 0424 | 4881 c450 
  0x0000029139c707c4: 0100 00c5 | f877 498b | 8f28 0400 | 00c7 8100 | 0100 0000 | 0000 00c9 | 4983 7f08 | 000f 8501 
  0x0000029139c707e4: 0000 00c3 

  0x0000029139c707e8: ;   {runtime_call StubRoutines (initial stubs)}
  0x0000029139c707e8: e913 0794 | ffc5 f877 | 4889 45f8 | 4c8b e448 | 83ec 2048 

  0x0000029139c707fc: ;   {runtime_call}
  0x0000029139c707fc: 83e4 f048 | b8b0 2084 | 03f8 7f00 | 00ff d049 | 8be4 4d33 | e448 8b45 | f8e9 30fc | ffff f4f4 
  0x0000029139c7081c: f4f4 f4f4 
[/MachCode]


Compiled method (c1)  112239 2726       3       java.lang.System$2::defineClass (21 bytes)
 total in heap  [0x00000291325d2810,0x00000291325d2bf0] = 992
 relocation     [0x00000291325d2970,0x00000291325d29b0] = 64
 main code      [0x00000291325d29c0,0x00000291325d2af8] = 312
 stub code      [0x00000291325d2af8,0x00000291325d2b38] = 64
 metadata       [0x00000291325d2b38,0x00000291325d2b40] = 8
 scopes data    [0x00000291325d2b40,0x00000291325d2b88] = 72
 scopes pcs     [0x00000291325d2b88,0x00000291325d2bd8] = 80
 dependencies   [0x00000291325d2bd8,0x00000291325d2be0] = 8
 nul chk table  [0x00000291325d2be0,0x00000291325d2bf0] = 16

[Constant Pool (empty)]

[MachCode]
[Entry Point]
  # {method} {0x0000029145019490} 'defineClass' '(Ljava/lang/ClassLoader;Ljava/lang/Class;Ljava/lang/String;[BLjava/security/ProtectionDomain;ZILjava/lang/Object;)Ljava/lang/Class;' in 'java/lang/System$2'
  # this:     rdx:rdx   = 'java/lang/System$2'
  # parm0:    r8:r8     = 'java/lang/ClassLoader'
  # parm1:    r9:r9     = 'java/lang/Class'
  # parm2:    rdi:rdi   = 'java/lang/String'
  # parm3:    rsi:rsi   = '[B'
  # parm4:    rcx:rcx   = 'java/security/ProtectionDomain'
  # parm5:    [sp+0x70]   = boolean  (sp of caller)
  # parm6:    [sp+0x78]   = int
  # parm7:    [sp+0x80]   = 'java/lang/Object'
  0x00000291325d29c0: 448b 5208 | 49bb 0000 | 0045 9102 | 0000 4d03 | d34c 3bd0 

  0x00000291325d29d4: ;   {runtime_call ic_miss_stub}
  0x00000291325d29d4: 0f85 a6bf | 0207 660f | 1f44 0000 
[Verified Entry Point]
  0x00000291325d29e0: 8984 2400 | 80ff ff55 | 4883 ec60 | 4181 7f20 | 0300 0000 

  0x00000291325d29f4: ;   {runtime_call StubRoutines (final stubs)}
  0x00000291325d29f4: 7405 e885 | 3301 0748 

  0x00000291325d29fc: ;   {metadata(method data for {method} {0x0000029145019490} 'defineClass' '(Ljava/lang/ClassLoader;Ljava/lang/Class;Ljava/lang/String;[BLjava/security/ProtectionDomain;ZILjava/lang/Object;)Ljava/lang/Class;' in 'java/lang/System$2')}
  0x00000291325d29fc: 8bd9 48b9 | e0a2 b75a | 9102 0000 | 8b81 cc00 | 0000 83c0 | 0289 81cc | 0000 0025 | fe07 0000 
  0x00000291325d2a1c: 83f8 000f | 846a 0000 | 004c 8bac | 2480 0000 | 0044 8b5c | 2478 8b44 | 2470 8b4e 

  0x00000291325d2a38: ;   {metadata(method data for {method} {0x0000029145019490} 'defineClass' '(Ljava/lang/ClassLoader;Ljava/lang/Class;Ljava/lang/String;[BLjava/security/ProtectionDomain;ZILjava/lang/Object;)Ljava/lang/Class;' in 'java/lang/System$2')}
  0x00000291325d2a38: 0c48 bae0 | a2b7 5a91 | 0200 0048 | 8382 1001 | 0000 0149 | 8bd0 4d8b | c14c 8bcf | 488b febe 
  0x00000291325d2a58: 0000 0000 | 4889 1c24 | 8944 2408 | 4489 5c24 | 104c 896c 

  0x00000291325d2a6c: ;   {static_call}
  0x00000291325d2a6c: 2418 90e8 

  0x00000291325d2a70: ; ImmutableOopMap {}
                      ;*invokestatic defineClass0 {reexecute=0 rethrow=0 return_oop=0}
                      ; - java.lang.System$2::defineClass@17 (line 2390)
  0x00000291325d2a70: ecd7 6907 

  0x00000291325d2a74: ;   {other}
  0x00000291325d2a74: 0f1f 8400 | 6402 0000 | 4883 c460 

  0x00000291325d2a80: ;   {poll_return}
  0x00000291325d2a80: 5d49 3ba7 | 5004 0000 | 0f87 2700 

  0x00000291325d2a8c: ;   {metadata({method} {0x0000029145019490} 'defineClass' '(Ljava/lang/ClassLoader;Ljava/lang/Class;Ljava/lang/String;[BLjava/security/ProtectionDomain;ZILjava/lang/Object;)Ljava/lang/Class;' in 'java/lang/System$2')}
  0x00000291325d2a8c: 0000 c349 | ba88 9401 | 4591 0200 | 004c 8954 | 2408 48c7 | 0424 ffff 

  0x00000291325d2aa4: ;   {runtime_call counter_overflow Runtime1 stub}
  0x00000291325d2aa4: ffff e855 

  0x00000291325d2aa8: ; ImmutableOopMap {rdx=Oop r8=Oop r9=Oop rdi=Oop rsi=Oop rbx=Oop [128]=Oop }
                      ;*synchronization entry
                      ; - java.lang.System$2::defineClass@-1 (line 2390)
  0x00000291325d2aa8: 8012 07e9 | 75ff ffff 

  0x00000291325d2ab0: ;   {runtime_call throw_null_pointer_exception Runtime1 stub}
  0x00000291325d2ab0: e8eb 1a12 

  0x00000291325d2ab4: ; ImmutableOopMap {r8=Oop r9=Oop rdi=Oop rsi=Oop rbx=Oop r13=Oop [128]=Oop }
                      ;*arraylength {reexecute=0 rethrow=0 return_oop=0}
                      ; - java.lang.System$2::defineClass@8 (line 2390)
                      ;   {internal_word}
  0x00000291325d2ab4: 0749 ba81 | 2a5d 3291 | 0200 004d | 8997 6804 

  0x00000291325d2ac4: ;   {runtime_call SafepointBlob}
  0x00000291325d2ac4: 0000 e9b5 | 4003 0749 | 8b87 0005 | 0000 49c7 | 8700 0500 | 0000 0000 | 0049 c787 | 0805 0000 
  0x00000291325d2ae4: 0000 0000 | 4883 c460 

  0x00000291325d2aec: ;   {runtime_call unwind_exception Runtime1 stub}
  0x00000291325d2aec: 5de9 8e0b | 1207 f4f4 | f4f4 f4f4 
[Stub Code]
  0x00000291325d2af8: ;   {no_reloc}
  0x00000291325d2af8: 48bb 0000 | 0000 0000 

  0x00000291325d2b00: ;   {runtime_call}
  0x00000291325d2b00: 0000 e9fb 

  0x00000291325d2b04: ;   {runtime_call handle_exception_from_callee Runtime1 stub}
  0x00000291325d2b04: ffff ffe8 | 7440 1207 

  0x00000291325d2b0c: ;   {external_word}
  0x00000291325d2b0c: 48b9 c017 | ab03 f87f | 0000 4883 

  0x00000291325d2b18: ;   {runtime_call}
  0x00000291325d2b18: e4f0 48b8 | e00c 7303 | f87f 0000 

  0x00000291325d2b24: ;   {section_word}
  0x00000291325d2b24: ffd0 f449 | ba27 2b5d | 3291 0200 

  0x00000291325d2b30: ;   {runtime_call DeoptimizationBlob}
  0x00000291325d2b30: 0041 52e9 | e854 0307 
[/MachCode]


Compiled method (c1)  112243 2725   !   3       java.lang.invoke.MethodHandles$Lookup$ClassDefiner::defineClass (213 bytes)
 total in heap  [0x00000291325d1710,0x00000291325d27d8] = 4296
 relocation     [0x00000291325d1870,0x00000291325d1978] = 264
 main code      [0x00000291325d1980,0x00000291325d22e8] = 2408
 stub code      [0x00000291325d22e8,0x00000291325d2360] = 120
 metadata       [0x00000291325d2360,0x00000291325d23c8] = 104
 scopes data    [0x00000291325d23c8,0x00000291325d25b8] = 496
 scopes pcs     [0x00000291325d25b8,0x00000291325d2738] = 384
 dependencies   [0x00000291325d2738,0x00000291325d2750] = 24
 handler table  [0x00000291325d2750,0x00000291325d2798] = 72
 nul chk table  [0x00000291325d2798,0x00000291325d27d8] = 64

[Constant Pool (empty)]

[MachCode]
[Entry Point]
  # {method} {0x00000291451ee900} 'defineClass' '(ZLjava/lang/Object;)Ljava/lang/Class;' in 'java/lang/invoke/MethodHandles$Lookup$ClassDefiner'
  # this:     rdx:rdx   = 'java/lang/invoke/MethodHandles$Lookup$ClassDefiner'
  # parm0:    r8        = boolean
  # parm1:    r9:r9     = 'java/lang/Object'
  #           [sp+0xf0]  (sp of caller)
  0x00000291325d1980: 448b 5208 | 49bb 0000 | 0045 9102 | 0000 4d03 | d34c 3bd0 

  0x00000291325d1994: ;   {runtime_call ic_miss_stub}
  0x00000291325d1994: 0f85 e6cf | 0207 660f | 1f44 0000 
[Verified Entry Point]
  0x00000291325d19a0: 8984 2400 | 80ff ff55 | 4881 ece0 | 0000 0090 | 4181 7f20 | 0300 0000 

  0x00000291325d19b8: ;   {runtime_call StubRoutines (final stubs)}
  0x00000291325d19b8: 7405 e8c1 | 4301 0748 | 8994 2498 | 0000 0044 | 8984 24b0 | 0000 004c | 898c 24b8 

  0x00000291325d19d4: ;   {metadata(method data for {method} {0x00000291451ee900} 'defineClass' '(ZLjava/lang/Object;)Ljava/lang/Class;' in 'java/lang/invoke/MethodHandles$Lookup$ClassDefiner')}
  0x00000291325d19d4: 0000 0048 | be40 97b7 | 5a91 0200 | 008b becc | 0000 0083 | c702 89be | cc00 0000 | 81e7 fe07 
  0x00000291325d19f4: 0000 83ff | 000f 842a | 0700 008b | 7210 4889 | b424 9000 | 0000 483b | 0648 8bfe 

  0x00000291325d1a10: ;   {metadata(method data for {method} {0x00000291451ee900} 'defineClass' '(ZLjava/lang/Object;)Ljava/lang/Class;' in 'java/lang/invoke/MethodHandles$Lookup$ClassDefiner')}
  0x00000291325d1a10: 48bb 4097 | b75a 9102 | 0000 4883 | 8310 0100 | 0001 8b7e | 1048 89bc | 24a8 0000 | 0048 3b07 
  0x00000291325d1a30: ;   {metadata(method data for {method} {0x00000291451ee900} 'defineClass' '(ZLjava/lang/Object;)Ljava/lang/Class;' in 'java/lang/invoke/MethodHandles$Lookup$ClassDefiner')}
  0x00000291325d1a30: 488b df48 | b840 97b7 | 5a91 0200 | 0048 8380 | 4801 0000 

  0x00000291325d1a44: ;   {metadata(method data for {method} {0x000002914546f320} 'getClassLoader' '()Ljava/lang/ClassLoader;' in 'java/lang/Class')}
  0x00000291325d1a44: 0148 bbe0 | 3105 5a91 | 0200 008b | 83cc 0000 | 0083 c002 | 8983 cc00 | 0000 25fe | ff1f 0083 
  0x00000291325d1a64: f800 0f84 | e806 0000 | 8b5f 3448 

  0x00000291325d1a70: ;   {metadata(method data for {method} {0x000002914546f320} 'getClassLoader' '()Ljava/lang/ClassLoader;' in 'java/lang/Class')}
  0x00000291325d1a70: 83fb 0048 | b8e0 3105 | 5a91 0200 | 0048 b910 | 0100 0000 | 0000 000f | 850a 0000 | 0048 b920 
  0x00000291325d1a90: 0100 0000 | 0000 004c | 8b1c 084d | 8d5b 014c | 891c 080f | 850f 0000 

  0x00000291325d1aa8: ;   {oop(nullptr)}
  0x00000291325d1aa8: 0048 bb00 | 0000 0000 | 0000 00e9 | a400 0000 

  0x00000291325d1ab8: ;   {metadata(method data for {method} {0x000002914546f320} 'getClassLoader' '()Ljava/lang/ClassLoader;' in 'java/lang/Class')}
  0x00000291325d1ab8: 48b8 e031 | 055a 9102 | 0000 4883 | 8030 0100 

  0x00000291325d1ac8: ;   {metadata(method data for {method} {0x000002914501b078} 'getSecurityManager' '()Ljava/lang/SecurityManager;' in 'java/lang/System')}
  0x00000291325d1ac8: 0001 48b8 | 3841 055a | 9102 0000 | 8b88 cc00 | 0000 83c1 | 0289 88cc | 0000 0081 | e1fe ff1f 
  0x00000291325d1ae8: 0083 f900 | 0f84 8306 

  0x00000291325d1af0: ;   {metadata(method data for {method} {0x000002914501b078} 'getSecurityManager' '()Ljava/lang/SecurityManager;' in 'java/lang/System')}
  0x00000291325d1af0: 0000 48b8 | 3841 055a | 9102 0000 | 4883 8010 | 0100 0001 

  0x00000291325d1b04: ;   {metadata(method data for {method} {0x000002914501b190} 'allowSecurityManager' '()Z' in 'java/lang/System')}
  0x00000291325d1b04: 48b8 b042 | 055a 9102 | 0000 8b88 | cc00 0000 | 83c1 0289 | 88cc 0000 | 0081 e1fe | ff1f 0083 
  0x00000291325d1b24: f900 0f84 | 6a06 0000 

  0x00000291325d1b2c: ;   {metadata(method data for {method} {0x000002914501b190} 'allowSecurityManager' '()Z' in 'java/lang/System')}
  0x00000291325d1b2c: 48b8 b042 | 055a 9102 | 0000 ff80 | 1001 0000 

  0x00000291325d1b3c: ;   {metadata(method data for {method} {0x000002914501b078} 'getSecurityManager' '()Ljava/lang/SecurityManager;' in 'java/lang/System')}
  0x00000291325d1b3c: 48b8 3841 | 055a 9102 | 0000 ff80 | 2001 0000 

  0x00000291325d1b4c: ;   {metadata(method data for {method} {0x000002914546f320} 'getClassLoader' '()Ljava/lang/ClassLoader;' in 'java/lang/Class')}
  0x00000291325d1b4c: 48b8 e031 | 055a 9102 | 0000 ff80 | 4001 0000 | 4883 fb00 

  0x00000291325d1b60: ;   {metadata(method data for {method} {0x00000291451ee900} 'defineClass' '(ZLjava/lang/Object;)Ljava/lang/Class;' in 'java/lang/invoke/MethodHandles$Lookup$ClassDefiner')}
  0x00000291325d1b60: 48b8 4097 | b75a 9102 | 0000 48b9 | 8001 0000 | 0000 0000 | 0f84 0a00 | 0000 48b9 | 9001 0000 
  0x00000291325d1b80: 0000 0000 | 4c8b 1c08 | 4d8d 5b01 | 4c89 1c08 | 0f84 cc01 | 0000 488b 

  0x00000291325d1b98: ;   {metadata(method data for {method} {0x00000291451ee900} 'defineClass' '(ZLjava/lang/Object;)Ljava/lang/Class;' in 'java/lang/invoke/MethodHandles$Lookup$ClassDefiner')}
  0x00000291325d1b98: c648 b940 | 97b7 5a91 | 0200 0048 | 8381 a001 

  0x00000291325d1ba8: ;   {metadata(method data for {method} {0x00000291453e7c08} 'lookupClassProtectionDomain' '()Ljava/security/ProtectionDomain;' in 'java/lang/invoke/MethodHandles$Lookup')}
  0x00000291325d1ba8: 0000 0148 | b878 9db7 | 5a91 0200 | 008b 88cc | 0000 0083 | c102 8988 | cc00 0000 | 81e1 feff 
  0x00000291325d1bc8: 1f00 83f9 | 000f 84e4 | 0500 008b | 4618 4883 

  0x00000291325d1bd8: ;   {metadata(method data for {method} {0x00000291453e7c08} 'lookupClassProtectionDomain' '()Ljava/security/ProtectionDomain;' in 'java/lang/invoke/MethodHandles$Lookup')}
  0x00000291325d1bd8: f800 48b9 | 789d b75a | 9102 0000 | 49bb 1001 | 0000 0000 | 0000 0f85 | 0a00 0000 | 49bb 2001 
  0x00000291325d1bf8: 0000 0000 | 0000 4e8b | 2c19 4d8d | 6d01 4e89 | 2c19 4889 | 9c24 a000 | 0000 0f85 | 3401 0000 
  0x00000291325d1c18: ;   {metadata(method data for {method} {0x00000291453e7c08} 'lookupClassProtectionDomain' '()Ljava/security/ProtectionDomain;' in 'java/lang/invoke/MethodHandles$Lookup')}
  0x00000291325d1c18: 48b8 789d | b75a 9102 | 0000 4883 | 8030 0100 

  0x00000291325d1c28: ;   {metadata(method data for {method} {0x000002914547a0d8} 'getJavaLangAccess' '()Ljdk/internal/access/JavaLangAccess;' in 'jdk/internal/access/SharedSecrets')}
  0x00000291325d1c28: 0001 48b8 | 78f1 195a | 9102 0000 | 8b88 cc00 | 0000 83c1 | 0289 88cc | 0000 0081 | e1fe ff1f 
  0x00000291325d1c48: 0083 f900 | 0f84 8605 

  0x00000291325d1c50: ;   {oop(a 'java/lang/Class'{0x00000000e080b108} = 'jdk/internal/access/SharedSecrets')}
  0x00000291325d1c50: 0000 48b8 | 08b1 80e0 | 0000 0000 | 8b40 7c8b | 4e10 4883 | f800 0f84 | 2a00 0000 

  0x00000291325d1c6c: ;   {metadata('java/lang/System$2')}
  0x00000291325d1c6c: 48be 8881 | 0145 9102 | 0000 448b | 7008 49ba | 0000 0045 | 9102 0000 | 4d03 f249 | 3b76 380f 
  0x00000291325d1c8c: 8568 0500 | 00e9 0000 | 0000 4c8b | d848 3b00 

  0x00000291325d1c9c: ;   {metadata(method data for {method} {0x00000291453e7c08} 'lookupClassProtectionDomain' '()Ljava/security/ProtectionDomain;' in 'java/lang/invoke/MethodHandles$Lookup')}
  0x00000291325d1c9c: 48be 789d | b75a 9102 

  0x00000291325d1ca4: ;   {metadata('java/lang/System$2')}
  0x00000291325d1ca4: 0000 49ba | 8881 0145 | 9102 0000 | 4c89 9650 | 0100 0048 | 8386 5801 

  0x00000291325d1cbc: ;   {metadata(method data for {method} {0x00000291450191d0} 'protectionDomain' '(Ljava/lang/Class;)Ljava/security/ProtectionDomain;' in 'java/lang/System$2')}
  0x00000291325d1cbc: 0000 0148 | be30 9fb7 | 5a91 0200 | 008b 86cc | 0000 0083 | c002 8986 | cc00 0000 | 25fe ff1f 
  0x00000291325d1cdc: 0083 f800 | 0f84 1d05 | 0000 483b | 0148 8bf1 

  0x00000291325d1cec: ;   {metadata(method data for {method} {0x00000291450191d0} 'protectionDomain' '(Ljava/lang/Class;)Ljava/security/ProtectionDomain;' in 'java/lang/System$2')}
  0x00000291325d1cec: 48b8 309f | b75a 9102 | 0000 4883 | 8010 0100 | 0001 488b | d166 0f1f 

  0x00000291325d1d04: ;   {optimized virtual_call}
  0x00000291325d1d04: 4400 00e8 

  0x00000291325d1d08: ; ImmutableOopMap {[144]=Oop [152]=Oop [160]=Oop [168]=Oop [184]=Oop }
                      ;*invokevirtual protectionDomain {reexecute=0 rethrow=0 return_oop=0}
                      ; - java.lang.System$2::protectionDomain@1 (line 2514)
                      ; - java.lang.invoke.MethodHandles$Lookup::lookupClassProtectionDomain@17 (line 2544)
                      ; - java.lang.invoke.MethodHandles$Lookup$ClassDefiner::defineClass@23 (line 2501)
  0x00000291325d1d08: f005 0000 

  0x00000291325d1d0c: ;   {other}
  0x00000291325d1d0c: 0f1f 8400 | fc05 0000 | 450f be47 | 4041 83f8 | 0048 8bb4 | 2490 0000 | 000f 85fe | 0400 004c 
  0x00000291325d1d2c: 8bd0 4489 | 5618 f083 | 4424 c000 | 4c8b c64c | 33c0 49c1 | e814 4983 | f800 0f85 | f904 0000 
  0x00000291325d1d4c: ;   {metadata(method data for {method} {0x00000291451ee900} 'defineClass' '(ZLjava/lang/Object;)Ljava/lang/Class;' in 'java/lang/invoke/MethodHandles$Lookup$ClassDefiner')}
  0x00000291325d1d4c: 49b8 4097 | b75a 9102 | 0000 41ff | 80d8 0100 | 00e9 1200 | 0000 4889 | 9c24 a000 

  0x00000291325d1d68: ;   {oop(nullptr)}
  0x00000291325d1d68: 0000 48b8 | 0000 0000 | 0000 0000 | 488b 9c24 | a000 0000 | 488b bc24 | a800 0000 | 488b 9424 
  0x00000291325d1d88: 9800 0000 

  0x00000291325d1d8c: ;   {metadata(method data for {method} {0x00000291451ee900} 'defineClass' '(ZLjava/lang/Object;)Ljava/lang/Class;' in 'java/lang/invoke/MethodHandles$Lookup$ClassDefiner')}
  0x00000291325d1d8c: 49b8 4097 | b75a 9102 | 0000 4983 | 80f0 0100 

  0x00000291325d1d9c: ;   {metadata(method data for {method} {0x000002914547a0d8} 'getJavaLangAccess' '()Ljdk/internal/access/JavaLangAccess;' in 'jdk/internal/access/SharedSecrets')}
  0x00000291325d1d9c: 0001 49b8 | 78f1 195a | 9102 0000 | 458b 88cc | 0000 0041 | 83c1 0245 | 8988 cc00 | 0000 4181 
  0x00000291325d1dbc: e1fe ff1f | 0041 83f9 | 000f 8492 

  0x00000291325d1dc8: ;   {oop(a 'java/lang/Class'{0x00000000e080b108} = 'jdk/internal/access/SharedSecrets')}
  0x00000291325d1dc8: 0400 0049 | b808 b180 | e000 0000 | 0045 8b70 | 7c8b 7214 | 8b4a 1844 | 8b4a 0c49 | 83fe 000f 
  0x00000291325d1de8: 842a 0000 

  0x00000291325d1dec: ;   {metadata('java/lang/System$2')}
  0x00000291325d1dec: 0049 bb88 | 8101 4591 | 0200 0045 | 8b6e 0849 | ba00 0000 | 4591 0200 | 004d 03ea | 4d3b 5d38 
  0x00000291325d1e0c: 0f85 6c04 | 0000 e900 | 0000 004d | 8bc6 493b | 064d 8bc6 

  0x00000291325d1e20: ;   {metadata(method data for {method} {0x00000291451ee900} 'defineClass' '(ZLjava/lang/Object;)Ljava/lang/Class;' in 'java/lang/invoke/MethodHandles$Lookup$ClassDefiner')}
  0x00000291325d1e20: 48ba 4097 | b75a 9102 

  0x00000291325d1e28: ;   {metadata('java/lang/System$2')}
  0x00000291325d1e28: 0000 49ba | 8881 0145 | 9102 0000 | 4c89 9210 | 0200 0048 | 8382 1802 | 0000 014c | 8bc3 498b 
  0x00000291325d1e48: d14c 8bcf | 488b fe48 | 8bf1 488b | c88b 8424 | b000 0000 | 8904 2489 | 5424 0848 | 8b94 24b8 
  0x00000291325d1e68: 0000 0048 | 8954 2410 | 498b d60f 

  0x00000291325d1e74: ;   {optimized virtual_call}
  0x00000291325d1e74: 1f40 00e8 

  0x00000291325d1e78: ; ImmutableOopMap {[152]=Oop [168]=Oop }
                      ;*invokeinterface defineClass {reexecute=0 rethrow=0 return_oop=0}
                      ; - java.lang.invoke.MethodHandles$Lookup$ClassDefiner::defineClass@57 (line 2505)
  0x00000291325d1e78: 640b 0000 

  0x00000291325d1e7c: ;   {other}
  0x00000291325d1e7c: 0f1f 8400 | 6c07 0001 

  0x00000291325d1e84: ;   {metadata(method data for {method} {0x00000291451ee900} 'defineClass' '(ZLjava/lang/Object;)Ljava/lang/Class;' in 'java/lang/invoke/MethodHandles$Lookup$ClassDefiner')}
  0x00000291325d1e84: 49b8 4097 | b75a 9102 | 0000 41ff | 8038 0200 | 0048 8b94 | 2498 0000 | 008b 721c 

  0x00000291325d1ea0: ; implicit exception: dispatches to 0x00000291325d2288
  0x00000291325d1ea0: 483b 064c 

  0x00000291325d1ea4: ;   {metadata(method data for {method} {0x00000291451ee900} 'defineClass' '(ZLjava/lang/Object;)Ljava/lang/Class;' in 'java/lang/invoke/MethodHandles$Lookup$ClassDefiner')}
  0x00000291325d1ea4: 8bc6 49b9 | 4097 b75a | 9102 0000 | 4983 8150 | 0300 0001 | 440f be46 | 0c41 83e0 | 0141 83f8 
  0x00000291325d1ec4: ;   {metadata(method data for {method} {0x00000291451ee900} 'defineClass' '(ZLjava/lang/Object;)Ljava/lang/Class;' in 'java/lang/invoke/MethodHandles$Lookup$ClassDefiner')}
  0x00000291325d1ec4: 0049 b840 | 97b7 5a91 | 0200 0049 | b988 0300 | 0000 0000 | 000f 840a | 0000 0049 | b998 0300 
  0x00000291325d1ee4: 0000 0000 | 004b 8b3c | 0848 8d7f | 014b 893c | 080f 84d9 | 0100 004c 

  0x00000291325d1efc: ;   {metadata(method data for {method} {0x00000291451ee900} 'defineClass' '(ZLjava/lang/Object;)Ljava/lang/Class;' in 'java/lang/invoke/MethodHandles$Lookup$ClassDefiner')}
  0x00000291325d1efc: 8bc2 49b9 | 4097 b75a | 9102 0000 

  0x00000291325d1f08: ;   {metadata('java/lang/invoke/MethodHandles$Lookup$ClassDefiner')}
  0x00000291325d1f08: 49ba c8e6 | 1e45 9102 | 0000 4d89 | 91b8 0300 | 0049 8381 | c003 0000 | 018b 7a14 | 4883 f800 
  0x00000291325d1f28: ;   {metadata(method data for {method} {0x00000291451ee900} 'defineClass' '(ZLjava/lang/Object;)Ljava/lang/Class;' in 'java/lang/invoke/MethodHandles$Lookup$ClassDefiner')}
  0x00000291325d1f28: 49b8 4097 | b75a 9102 | 0000 49b9 | e003 0000 | 0000 0000 | 0f84 0a00 | 0000 49b9 | f003 0000 
  0x00000291325d1f48: 0000 0000 | 4b8b 1c08 | 488d 5b01 | 4b89 1c08 | 0f84 3501 | 0000 e9c8 | 0000 0048 | 8b94 2498 
  0x00000291325d1f68: 0000 0049 | 8b87 0005 | 0000 4d33 | d24d 8997 | 0005 0000 | 4d33 d24d | 8997 0805 | 0000 8b72 
  0x00000291325d1f88: 1c48 3b06 

  0x00000291325d1f8c: ;   {metadata(method data for {method} {0x00000291451ee900} 'defineClass' '(ZLjava/lang/Object;)Ljava/lang/Class;' in 'java/lang/invoke/MethodHandles$Lookup$ClassDefiner')}
  0x00000291325d1f8c: 4c8b c649 | b940 97b7 | 5a91 0200 | 0049 8381 | 8804 0000 | 0144 0fbe | 460c 4183 | e001 4183 
  0x00000291325d1fac: ;   {metadata(method data for {method} {0x00000291451ee900} 'defineClass' '(ZLjava/lang/Object;)Ljava/lang/Class;' in 'java/lang/invoke/MethodHandles$Lookup$ClassDefiner')}
  0x00000291325d1fac: f800 49b8 | 4097 b75a | 9102 0000 | 49b9 c004 | 0000 0000 | 0000 0f84 | 0a00 0000 | 49b9 d004 
  0x00000291325d1fcc: 0000 0000 | 0000 4b8b | 3c08 488d | 7f01 4b89 | 3c08 0f84 | 4001 0000 

  0x00000291325d1fe4: ;   {metadata(method data for {method} {0x00000291451ee900} 'defineClass' '(ZLjava/lang/Object;)Ljava/lang/Class;' in 'java/lang/invoke/MethodHandles$Lookup$ClassDefiner')}
  0x00000291325d1fe4: 4c8b c249 | b940 97b7 | 5a91 0200 

  0x00000291325d1ff0: ;   {metadata('java/lang/invoke/MethodHandles$Lookup$ClassDefiner')}
  0x00000291325d1ff0: 0049 bac8 | e61e 4591 | 0200 004d | 8991 f004 | 0000 4983 | 81f8 0400 | 0001 8b7a 

  0x00000291325d200c: ;   {metadata(method data for {method} {0x00000291451ee900} 'defineClass' '(ZLjava/lang/Object;)Ljava/lang/Class;' in 'java/lang/invoke/MethodHandles$Lookup$ClassDefiner')}
  0x00000291325d200c: 1449 b840 | 97b7 5a91 | 0200 0041 | ff80 1805 | 0000 4889 | 8424 c800 | 0000 e9bf | 0000 008b 
  0x00000291325d202c: 5218 4c8b 

  0x00000291325d2030: ;   {metadata(method data for {method} {0x00000291451ee900} 'defineClass' '(ZLjava/lang/Object;)Ljava/lang/Class;' in 'java/lang/invoke/MethodHandles$Lookup$ClassDefiner')}
  0x00000291325d2030: c649 b940 | 97b7 5a91 | 0200 0049 | 8381 0004 | 0000 014c | 8bc7 4c8b | c848 8bfa | 488b d648 
  0x00000291325d2050: 8984 24c0 

  0x00000291325d2054: ;   {optimized virtual_call}
  0x00000291325d2054: 0000 00e8 

  0x00000291325d2058: ; ImmutableOopMap {[192]=Oop }
                      ;*invokevirtual dumpClass {reexecute=0 rethrow=0 return_oop=0}
                      ; - java.lang.invoke.MethodHandles$Lookup$ClassDefiner::defineClass@134 (line 2513)
  0x00000291325d2058: 24ce 0207 

  0x00000291325d205c: ;   {other}
  0x00000291325d205c: 0f1f 8400 | 4c09 0002 

  0x00000291325d2064: ;   {metadata(method data for {method} {0x00000291451ee900} 'defineClass' '(ZLjava/lang/Object;)Ljava/lang/Class;' in 'java/lang/invoke/MethodHandles$Lookup$ClassDefiner')}
  0x00000291325d2064: 49b8 4097 | b75a 9102 | 0000 41ff | 8038 0400 | 0048 8b84 | 24c0 0000 | 0048 81c4 | e000 0000 
  0x00000291325d2084: ;   {poll_return}
  0x00000291325d2084: 5d49 3ba7 | 5004 0000 | 0f87 0002 | 0000 c348 | 8984 24c0 | 0000 0044 | 8b4a 184c 

  0x00000291325d20a0: ;   {metadata(method data for {method} {0x00000291451ee900} 'defineClass' '(ZLjava/lang/Object;)Ljava/lang/Class;' in 'java/lang/invoke/MethodHandles$Lookup$ClassDefiner')}
  0x00000291325d20a0: 8bc6 48ba | 4097 b75a | 9102 0000 | 4883 8250 | 0400 0001 | 4c8b c748 | 8bd6 0f1f 

  0x00000291325d20bc: ;   {optimized virtual_call}
  0x00000291325d20bc: 4400 00e8 

  0x00000291325d20c0: ; ImmutableOopMap {[192]=Oop }
                      ;*invokevirtual dumpFailedClass {reexecute=0 rethrow=0 return_oop=0}
                      ; - java.lang.invoke.MethodHandles$Lookup$ClassDefiner::defineClass@150 (line 2515)
  0x00000291325d20c0: bccd 0207 

  0x00000291325d20c4: ;   {other}
  0x00000291325d20c4: 0f1f 8400 | b409 0003 | 488b 8424 | c000 0000 | 4881 c4e0 | 0000 005d 

  0x00000291325d20dc: ;   {poll_return}
  0x00000291325d20dc: 493b a750 | 0400 000f | 87bf 0100 | 00c3 448b | 4a18 4c8b 

  0x00000291325d20f0: ;   {metadata(method data for {method} {0x00000291451ee900} 'defineClass' '(ZLjava/lang/Object;)Ljava/lang/Class;' in 'java/lang/invoke/MethodHandles$Lookup$ClassDefiner')}
  0x00000291325d20f0: c648 ba40 | 97b7 5a91 | 0200 0048 | 8382 8805 | 0000 014c | 8bc7 488b | d666 0f1f 

  0x00000291325d210c: ;   {optimized virtual_call}
  0x00000291325d210c: 4400 00e8 

  0x00000291325d2110: ; ImmutableOopMap {[200]=Oop }
                      ;*invokevirtual dumpFailedClass {reexecute=0 rethrow=0 return_oop=0}
                      ; - java.lang.invoke.MethodHandles$Lookup$ClassDefiner::defineClass@207 (line 2515)
  0x00000291325d2110: 6ccd 0207 

  0x00000291325d2114: ;   {other}
  0x00000291325d2114: 0f1f 8400 | 040a 0004 | 488b 8424 | c800 0000 | e9b2 0100 

  0x00000291325d2128: ;   {metadata({method} {0x00000291451ee900} 'defineClass' '(ZLjava/lang/Object;)Ljava/lang/Class;' in 'java/lang/invoke/MethodHandles$Lookup$ClassDefiner')}
  0x00000291325d2128: 0049 baf8 | e81e 4591 | 0200 004c | 8954 2408 | 48c7 0424 | ffff ffff 

  0x00000291325d2140: ;   {runtime_call counter_overflow Runtime1 stub}
  0x00000291325d2140: e8bb 8912 

  0x00000291325d2144: ; ImmutableOopMap {rdx=Oop r9=Oop [152]=Oop [184]=Oop }
                      ;*synchronization entry
                      ; - java.lang.invoke.MethodHandles$Lookup$ClassDefiner::defineClass@-1 (line 2499)
  0x00000291325d2144: 07e9 b5f8 

  0x00000291325d2148: ;   {runtime_call throw_null_pointer_exception Runtime1 stub}
  0x00000291325d2148: ffff e851 

  0x00000291325d214c: ; ImmutableOopMap {rdx=Oop r9=Oop rsi=Oop [144]=Oop [152]=Oop [184]=Oop }
                      ;*invokevirtual lookupClass {reexecute=0 rethrow=0 return_oop=0}
                      ; - java.lang.invoke.MethodHandles$Lookup$ClassDefiner::defineClass@4 (line 2499)
                      ;   {runtime_call throw_null_pointer_exception Runtime1 stub}
  0x00000291325d214c: 2412 07e8 

  0x00000291325d2150: ; ImmutableOopMap {rdx=Oop r9=Oop rsi=Oop rdi=Oop [144]=Oop [152]=Oop [168]=Oop [184]=Oop }
                      ;*invokevirtual getClassLoader {reexecute=0 rethrow=0 return_oop=0}
                      ; - java.lang.invoke.MethodHandles$Lookup$ClassDefiner::defineClass@9 (line 2500)
  0x00000291325d2150: 4c24 1207 

  0x00000291325d2154: ;   {metadata({method} {0x000002914546f320} 'getClassLoader' '()Ljava/lang/ClassLoader;' in 'java/lang/Class')}
  0x00000291325d2154: 49ba 18f3 | 4645 9102 | 0000 4c89 | 5424 0848 | c704 24ff 

  0x00000291325d2168: ;   {runtime_call counter_overflow Runtime1 stub}
  0x00000291325d2168: ffff ffe8 

  0x00000291325d216c: ; ImmutableOopMap {rdx=Oop r9=Oop rsi=Oop rdi=Oop [144]=Oop [152]=Oop [168]=Oop [184]=Oop }
                      ;*synchronization entry
                      ; - java.lang.Class::getClassLoader@-1 (line 980)
                      ; - java.lang.invoke.MethodHandles$Lookup$ClassDefiner::defineClass@9 (line 2500)
  0x00000291325d216c: 9089 1207 | e9f7 f8ff 

  0x00000291325d2174: ;   {metadata({method} {0x000002914501b078} 'getSecurityManager' '()Ljava/lang/SecurityManager;' in 'java/lang/System')}
  0x00000291325d2174: ff49 ba70 | b001 4591 | 0200 004c | 8954 2408 | 48c7 0424 | ffff ffff 

  0x00000291325d218c: ;   {runtime_call counter_overflow Runtime1 stub}
  0x00000291325d218c: e86f 8912 

  0x00000291325d2190: ; ImmutableOopMap {rdx=Oop r9=Oop rsi=Oop rdi=Oop rbx=Oop [144]=Oop [152]=Oop [168]=Oop [184]=Oop }
                      ;*synchronization entry
                      ; - java.lang.System::getSecurityManager@-1 (line 503)
                      ; - java.lang.Class::getClassLoader@11 (line 984)
                      ; - java.lang.invoke.MethodHandles$Lookup$ClassDefiner::defineClass@9 (line 2500)
  0x00000291325d2190: 07e9 5cf9 

  0x00000291325d2194: ;   {metadata({method} {0x000002914501b190} 'allowSecurityManager' '()Z' in 'java/lang/System')}
  0x00000291325d2194: ffff 49ba | 88b1 0145 | 9102 0000 | 4c89 5424 | 0848 c704 | 24ff ffff 

  0x00000291325d21ac: ;   {runtime_call counter_overflow Runtime1 stub}
  0x00000291325d21ac: ffe8 4e89 

  0x00000291325d21b0: ; ImmutableOopMap {rdx=Oop r9=Oop rsi=Oop rdi=Oop rbx=Oop [144]=Oop [152]=Oop [168]=Oop [184]=Oop }
                      ;*synchronization entry
                      ; - java.lang.System::allowSecurityManager@-1 (line 211)
                      ; - java.lang.System::getSecurityManager@0 (line 503)
                      ; - java.lang.Class::getClassLoader@11 (line 984)
                      ; - java.lang.invoke.MethodHandles$Lookup$ClassDefiner::defineClass@9 (line 2500)
  0x00000291325d21b0: 1207 e975 

  0x00000291325d21b4: ;   {metadata({method} {0x00000291453e7c08} 'lookupClassProtectionDomain' '()Ljava/security/ProtectionDomain;' in 'java/lang/invoke/MethodHandles$Lookup')}
  0x00000291325d21b4: f9ff ff49 | ba00 7c3e | 4591 0200 | 004c 8954 | 2408 48c7 | 0424 ffff 

  0x00000291325d21cc: ;   {runtime_call counter_overflow Runtime1 stub}
  0x00000291325d21cc: ffff e82d 

  0x00000291325d21d0: ; ImmutableOopMap {rdx=Oop r9=Oop rsi=Oop rdi=Oop rbx=Oop [144]=Oop [152]=Oop [168]=Oop [184]=Oop }
                      ;*synchronization entry
                      ; - java.lang.invoke.MethodHandles$Lookup::lookupClassProtectionDomain@-1 (line 2542)
                      ; - java.lang.invoke.MethodHandles$Lookup$ClassDefiner::defineClass@23 (line 2501)
  0x00000291325d21d0: 8912 07e9 | fbf9 ffff 

  0x00000291325d21d8: ;   {metadata({method} {0x000002914547a0d8} 'getJavaLangAccess' '()Ljdk/internal/access/JavaLangAccess;' in 'jdk/internal/access/SharedSecrets')}
  0x00000291325d21d8: 49ba d0a0 | 4745 9102 | 0000 4c89 | 5424 0848 | c704 24ff 

  0x00000291325d21ec: ;   {runtime_call counter_overflow Runtime1 stub}
  0x00000291325d21ec: ffff ffe8 

  0x00000291325d21f0: ; ImmutableOopMap {rsi=Oop [144]=Oop [152]=Oop [160]=Oop [168]=Oop [184]=Oop }
                      ;*synchronization entry
                      ; - jdk.internal.access.SharedSecrets::getJavaLangAccess@-1 (line 157)
                      ; - java.lang.invoke.MethodHandles$Lookup::lookupClassProtectionDomain@10 (line 2544)
                      ; - java.lang.invoke.MethodHandles$Lookup$ClassDefiner::defineClass@23 (line 2501)
  0x00000291325d21f0: 0c89 1207 | e959 faff 

  0x00000291325d21f8: ;   {runtime_call throw_incompatible_class_change_error Runtime1 stub}
  0x00000291325d21f8: ffe8 a252 

  0x00000291325d21fc: ; ImmutableOopMap {rax=Oop rcx=Oop [144]=Oop [152]=Oop [160]=Oop [168]=Oop [184]=Oop }
                      ;*invokeinterface protectionDomain {reexecute=0 rethrow=0 return_oop=0}
                      ; - java.lang.invoke.MethodHandles$Lookup::lookupClassProtectionDomain@17 (line 2544)
                      ; - java.lang.invoke.MethodHandles$Lookup$ClassDefiner::defineClass@23 (line 2501)
                      ;   {runtime_call throw_null_pointer_exception Runtime1 stub}
  0x00000291325d21fc: 1207 e89d 

  0x00000291325d2200: ; ImmutableOopMap {rax=Oop rcx=Oop [144]=Oop [152]=Oop [160]=Oop [168]=Oop [184]=Oop }
                      ;*invokeinterface protectionDomain {reexecute=0 rethrow=0 return_oop=0}
                      ; - java.lang.invoke.MethodHandles$Lookup::lookupClassProtectionDomain@17 (line 2544)
                      ; - java.lang.invoke.MethodHandles$Lookup$ClassDefiner::defineClass@23 (line 2501)
                      ;   {metadata({method} {0x00000291450191d0} 'protectionDomain' '(Ljava/lang/Class;)Ljava/security/ProtectionDomain;' in 'java/lang/System$2')}
  0x00000291325d2200: 2312 0749 | bac8 9101 | 4591 0200 | 004c 8954 | 2408 48c7 | 0424 ffff 

  0x00000291325d2218: ;   {runtime_call counter_overflow Runtime1 stub}
  0x00000291325d2218: ffff e8e1 

  0x00000291325d221c: ; ImmutableOopMap {rcx=Oop [144]=Oop [152]=Oop [160]=Oop [168]=Oop [184]=Oop }
                      ;*synchronization entry
                      ; - java.lang.System$2::protectionDomain@-1 (line 2514)
                      ; - java.lang.invoke.MethodHandles$Lookup::lookupClassProtectionDomain@17 (line 2544)
                      ; - java.lang.invoke.MethodHandles$Lookup$ClassDefiner::defineClass@23 (line 2501)
  0x00000291325d221c: 8812 07e9 | c2fa ffff 

  0x00000291325d2224: ;   {runtime_call throw_null_pointer_exception Runtime1 stub}
  0x00000291325d2224: e877 2312 

  0x00000291325d2228: ; ImmutableOopMap {rcx=Oop [144]=Oop [152]=Oop [160]=Oop [168]=Oop [184]=Oop }
                      ;*invokevirtual protectionDomain {reexecute=0 rethrow=0 return_oop=0}
                      ; - java.lang.System$2::protectionDomain@1 (line 2514)
                      ; - java.lang.invoke.MethodHandles$Lookup::lookupClassProtectionDomain@17 (line 2544)
                      ; - java.lang.invoke.MethodHandles$Lookup$ClassDefiner::defineClass@23 (line 2501)
  0x00000291325d2228: 0744 8b46 | 1849 83f8 | 000f 84f4 | faff ff4c 

  0x00000291325d2238: ;   {runtime_call g1_pre_barrier_slow}
  0x00000291325d2238: 8904 24e8 | c08f 1207 | e9e6 faff | ff48 83f8 | 000f 84fd | faff ff48 

  0x00000291325d2250: ;   {runtime_call g1_post_barrier_slow}
  0x00000291325d2250: 8934 24e8 | 2893 1207 | e9ef faff 

  0x00000291325d225c: ;   {metadata({method} {0x000002914547a0d8} 'getJavaLangAccess' '()Ljdk/internal/access/JavaLangAccess;' in 'jdk/internal/access/SharedSecrets')}
  0x00000291325d225c: ff49 bad0 | a047 4591 | 0200 004c | 8954 2408 | 48c7 0424 | ffff ffff 

  0x00000291325d2274: ;   {runtime_call counter_overflow Runtime1 stub}
  0x00000291325d2274: e887 8812 

  0x00000291325d2278: ; ImmutableOopMap {rax=Oop rdi=Oop rbx=Oop rdx=Oop [152]=Oop [168]=Oop [184]=Oop }
                      ;*synchronization entry
                      ; - jdk.internal.access.SharedSecrets::getJavaLangAccess@-1 (line 157)
                      ; - java.lang.invoke.MethodHandles$Lookup$ClassDefiner::defineClass@35 (line 2504)
  0x00000291325d2278: 07e9 4dfb 

  0x00000291325d227c: ;   {runtime_call throw_incompatible_class_change_error Runtime1 stub}
  0x00000291325d227c: ffff e81d 

  0x00000291325d2280: ; ImmutableOopMap {rax=Oop rdi=Oop rbx=Oop r14=Oop rsi=Oop rcx=Oop [152]=Oop [168]=Oop [184]=Oop }
                      ;*invokeinterface defineClass {reexecute=0 rethrow=0 return_oop=0}
                      ; - java.lang.invoke.MethodHandles$Lookup$ClassDefiner::defineClass@57 (line 2505)
                      ;   {runtime_call throw_null_pointer_exception Runtime1 stub}
  0x00000291325d2280: 5212 07e8 

  0x00000291325d2284: ; ImmutableOopMap {rax=Oop rdi=Oop rbx=Oop r14=Oop rsi=Oop rcx=Oop [152]=Oop [168]=Oop [184]=Oop }
                      ;*invokeinterface defineClass {reexecute=0 rethrow=0 return_oop=0}
                      ; - java.lang.invoke.MethodHandles$Lookup$ClassDefiner::defineClass@57 (line 2505)
  0x00000291325d2284: 1823 1207 

  0x00000291325d2288: ;   {runtime_call throw_null_pointer_exception Runtime1 stub}
  0x00000291325d2288: e813 2312 

  0x00000291325d228c: ; ImmutableOopMap {rax=Oop rdx=Oop rsi=Oop [152]=Oop }
                      ;*invokevirtual isEnabled {reexecute=0 rethrow=0 return_oop=0}
                      ; - java.lang.invoke.MethodHandles$Lookup$ClassDefiner::defineClass@105 (line 2510)
                      ;   {runtime_call throw_null_pointer_exception Runtime1 stub}
  0x00000291325d228c: 07e8 0e23 

  0x00000291325d2290: ; ImmutableOopMap {rdx=Oop rax=Oop rsi=Oop [152]=Oop }
                      ;*invokevirtual isEnabled {reexecute=0 rethrow=0 return_oop=0}
                      ; - java.lang.invoke.MethodHandles$Lookup$ClassDefiner::defineClass@162 (line 2510)
                      ;   {internal_word}
  0x00000291325d2290: 1207 49ba | 8520 5d32 | 9102 0000 | 4d89 9768 

  0x00000291325d22a0: ;   {runtime_call SafepointBlob}
  0x00000291325d22a0: 0400 00e9 | d848 0307 

  0x00000291325d22a8: ;   {internal_word}
  0x00000291325d22a8: 49ba dc20 | 5d32 9102 | 0000 4d89 | 9768 0400 

  0x00000291325d22b8: ;   {runtime_call SafepointBlob}
  0x00000291325d22b8: 00e9 c248 | 0307 498b | 8700 0500 | 0049 c787 | 0005 0000 | 0000 0000 | 49c7 8708 | 0500 0000 
  0x00000291325d22d8: 0000 0048 | 81c4 e000 

  0x00000291325d22e0: ;   {runtime_call unwind_exception Runtime1 stub}
  0x00000291325d22e0: 0000 5de9 | 9813 1207 
[Stub Code]
  0x00000291325d22e8: ;   {no_reloc}
  0x00000291325d22e8: 0f1f 4400 

  0x00000291325d22ec: ;   {static_stub}
  0x00000291325d22ec: 0048 bb00 | 0000 0000 

  0x00000291325d22f4: ;   {runtime_call}
  0x00000291325d22f4: 0000 00e9 | fbff ffff 

  0x00000291325d22fc: ;   {static_stub}
  0x00000291325d22fc: 48bb 70e0 | 4645 9102 

  0x00000291325d2304: ;   {runtime_call I2C/C2I adapters}
  0x00000291325d2304: 0000 e978 

  0x00000291325d2308: ;   {static_stub}
  0x00000291325d2308: 1b03 0748 | bb00 0000 | 0000 0000 

  0x00000291325d2314: ;   {runtime_call}
  0x00000291325d2314: 00e9 fbff 

  0x00000291325d2318: ;   {static_stub}
  0x00000291325d2318: ffff 48bb | 0000 0000 | 0000 0000 

  0x00000291325d2324: ;   {runtime_call}
  0x00000291325d2324: e9fb ffff 

  0x00000291325d2328: ;   {runtime_call handle_exception_from_callee Runtime1 stub}
  0x00000291325d2328: ffe8 5248 

  0x00000291325d232c: ;   {external_word}
  0x00000291325d232c: 1207 48b9 | c017 ab03 | f87f 0000 | 4883 e4f0 

  0x00000291325d233c: ;   {runtime_call}
  0x00000291325d233c: 48b8 e00c | 7303 f87f | 0000 ffd0 

  0x00000291325d2348: ;   {section_word}
  0x00000291325d2348: f449 ba49 | 235d 3291 | 0200 0041 

  0x00000291325d2354: ;   {runtime_call DeoptimizationBlob}
  0x00000291325d2354: 52e9 c65c | 0307 f4f4 | f4f4 f4f4 
[/MachCode]


---------------  P R O C E S S  ---------------

Threads class SMR info:
_java_thread_list=0x000002915eb1dfb0, length=29, elements={
0x00000291279967f0, 0x0000029144851be0, 0x00000291448571d0, 0x00000291448596e0,
0x000002914485a140, 0x000002914485aba0, 0x000002914485b600, 0x000002914485e3a0,
0x0000029144867940, 0x00000291448afba0, 0x0000029144a3f6f0, 0x000002915e7e33a0,
0x0000029160007130, 0x000002915e93fba0, 0x000002915e85f110, 0x000002915feb1060,
0x000002915ee6e740, 0x000002915ee6edd0, 0x000002915ee6da20, 0x000002915ee6c670,
0x000002915ee6cd00, 0x000002915ea9c830, 0x000002915ea9cec0, 0x000002915ea9c1a0,
0x000002915ea9ef90, 0x000002915ea9e270, 0x000002915ea9d550, 0x000002915ea9dbe0,
0x000002915ea9bb10
}

Java Threads: ( => current thread )
  0x00000291279967f0 JavaThread "main"                              [_thread_blocked, id=20364, stack(0x000000b935900000,0x000000b935a00000) (1024K)]
  0x0000029144851be0 JavaThread "Reference Handler"          daemon [_thread_blocked, id=26004, stack(0x000000b936200000,0x000000b936300000) (1024K)]
  0x00000291448571d0 JavaThread "Finalizer"                  daemon [_thread_blocked, id=26008, stack(0x000000b936300000,0x000000b936400000) (1024K)]
  0x00000291448596e0 JavaThread "Signal Dispatcher"          daemon [_thread_blocked, id=29176, stack(0x000000b936400000,0x000000b936500000) (1024K)]
  0x000002914485a140 JavaThread "Attach Listener"            daemon [_thread_blocked, id=19500, stack(0x000000b936500000,0x000000b936600000) (1024K)]
  0x000002914485aba0 JavaThread "Service Thread"             daemon [_thread_blocked, id=25056, stack(0x000000b936600000,0x000000b936700000) (1024K)]
  0x000002914485b600 JavaThread "Monitor Deflation Thread"   daemon [_thread_blocked, id=29640, stack(0x000000b936700000,0x000000b936800000) (1024K)]
  0x000002914485e3a0 JavaThread "C2 CompilerThread0"         daemon [_thread_blocked, id=19552, stack(0x000000b936800000,0x000000b936900000) (1024K)]
  0x0000029144867940 JavaThread "C1 CompilerThread0"         daemon [_thread_blocked, id=31424, stack(0x000000b936900000,0x000000b936a00000) (1024K)]
  0x00000291448afba0 JavaThread "Common-Cleaner"             daemon [_thread_blocked, id=14848, stack(0x000000b936a00000,0x000000b936b00000) (1024K)]
  0x0000029144a3f6f0 JavaThread "Notification Thread"        daemon [_thread_blocked, id=28548, stack(0x000000b936b00000,0x000000b936c00000) (1024K)]
  0x000002915e7e33a0 JavaThread "Daemon health stats"               [_thread_blocked, id=18740, stack(0x000000b935a00000,0x000000b935b00000) (1024K)]
  0x0000029160007130 JavaThread "Incoming local TCP Connector on port 64220"        [_thread_in_native, id=28472, stack(0x000000b937100000,0x000000b937200000) (1024K)]
  0x000002915e93fba0 JavaThread "Daemon periodic checks"            [_thread_blocked, id=15748, stack(0x000000b937200000,0x000000b937300000) (1024K)]
  0x000002915e85f110 JavaThread "Daemon"                            [_thread_blocked, id=19860, stack(0x000000b937400000,0x000000b937500000) (1024K)]
=>0x000002915feb1060 JavaThread "Daemon worker"                     [_thread_in_vm, id=19724, stack(0x000000b937700000,0x000000b937800000) (1024K)]
  0x000002915ee6e740 JavaThread "Handler for socket connection from /127.0.0.1:64220 to /127.0.0.1:64223"        [_thread_in_native, id=336, stack(0x000000b937500000,0x000000b937600000) (1024K)]
  0x000002915ee6edd0 JavaThread "Daemon Thread 2"                   [_thread_blocked, id=28688, stack(0x000000b937600000,0x000000b937700000) (1024K)]
  0x000002915ee6da20 JavaThread "Cancel handler"                    [_thread_blocked, id=22476, stack(0x000000b937900000,0x000000b937a00000) (1024K)]
  0x000002915ee6c670 JavaThread "Daemon Thread 3"                   [_thread_blocked, id=22516, stack(0x000000b937b00000,0x000000b937c00000) (1024K)]
  0x000002915ee6cd00 JavaThread "Daemon Thread 4"                   [_thread_blocked, id=18172, stack(0x000000b937c00000,0x000000b937d00000) (1024K)]
  0x000002915ea9c830 JavaThread "Asynchronous log dispatcher for DefaultDaemonConnection: socket connection from /127.0.0.1:64220 to /127.0.0.1:64223"        [_thread_blocked, id=28972, stack(0x000000b937f00000,0x000000b938000000) (1024K)]
  0x000002915ea9cec0 JavaThread "Daemon Thread 5"                   [_thread_blocked, id=26344, stack(0x000000b938000000,0x000000b938100000) (1024K)]
  0x000002915ea9c1a0 JavaThread "Daemon Thread 6"                   [_thread_blocked, id=22508, stack(0x000000b937e00000,0x000000b937f00000) (1024K)]
  0x000002915ea9ef90 JavaThread "Stdin handler"                     [_thread_blocked, id=27420, stack(0x000000b938400000,0x000000b938500000) (1024K)]
  0x000002915ea9e270 JavaThread "Daemon client event forwarder"        [_thread_blocked, id=29976, stack(0x000000b937800000,0x000000b937900000) (1024K)]
  0x000002915ea9d550 JavaThread "Cache worker for journal cache (C:\Users\kmdadoo\.gradle\caches\journal-1)"        [_thread_blocked, id=31148, stack(0x000000b937a00000,0x000000b937b00000) (1024K)]
  0x000002915ea9dbe0 JavaThread "File lock request listener"        [_thread_in_native, id=25300, stack(0x000000b937d00000,0x000000b937e00000) (1024K)]
  0x000002915ea9bb10 JavaThread "Cache worker for file hash cache (C:\Users\kmdadoo\.gradle\caches\9.7.1\fileHashes)"        [_thread_blocked, id=29556, stack(0x000000b938100000,0x000000b938200000) (1024K)]
Total: 29

Other Threads:
  0x0000029144824e60 VMThread "VM Thread"                           [id=25732, stack(0x000000b936100000,0x000000b936200000) (1024K)] _threads_hazard_ptr=0x000002915eb1dfb0
  0x000002914480c080 WatcherThread "VM Periodic Task Thread"        [id=19020, stack(0x000000b936000000,0x000000b936100000) (1024K)]
  0x0000029129c660b0 WorkerThread "GC Thread#0"                     [id=26828, stack(0x000000b935b00000,0x000000b935c00000) (1024K)]
  0x0000029144bcecc0 WorkerThread "GC Thread#1"                     [id=5720, stack(0x000000b936c00000,0x000000b936d00000) (1024K)]
  0x0000029144bcf060 WorkerThread "GC Thread#2"                     [id=19480, stack(0x000000b936d00000,0x000000b936e00000) (1024K)]
  0x0000029144bcf400 WorkerThread "GC Thread#3"                     [id=14124, stack(0x000000b936e00000,0x000000b936f00000) (1024K)]
  0x0000029144a68910 WorkerThread "GC Thread#4"                     [id=20484, stack(0x000000b936f00000,0x000000b937000000) (1024K)]
  0x0000029144a68cb0 WorkerThread "GC Thread#5"                     [id=20580, stack(0x000000b937000000,0x000000b937100000) (1024K)]
  0x00000291616bab80 WorkerThread "GC Thread#6"                     [id=31304, stack(0x000000b938200000,0x000000b938300000) (1024K)]
  0x0000029160c4d390 WorkerThread "GC Thread#7"                     [id=22416, stack(0x000000b938300000,0x000000b938400000) (1024K)]
  0x0000029129c6b020 ConcurrentGCThread "G1 Main Marker"            [id=27732, stack(0x000000b935c00000,0x000000b935d00000) (1024K)]
  0x0000029129c6c240 WorkerThread "G1 Conc#0"                       [id=18720, stack(0x000000b935d00000,0x000000b935e00000) (1024K)]
  0x00000291612ed160 WorkerThread "G1 Conc#1"                       [id=20576, stack(0x000000b938500000,0x000000b938600000) (1024K)]
  0x00000291446e3590 ConcurrentGCThread "G1 Refine#0"               [id=31572, stack(0x000000b935e00000,0x000000b935f00000) (1024K)]
  0x00000291446e3db0 ConcurrentGCThread "G1 Service"                [id=20200, stack(0x000000b935f00000,0x000000b936000000) (1024K)]
Total: 15

Threads with active compile tasks:
Total: 0

VM state: synchronizing (normal execution)

VM Mutex/Monitor currently owned by a thread:  ([mutex/lock_event])
[0x00007ff803d464c8] Metaspace_lock - owner thread: 0x000002915feb1060
[0x00007ff803d48548] Threads_lock - owner thread: 0x0000029144824e60

Heap address: 0x00000000e0000000, size: 512 MB, Compressed Oops mode: 32-bit

CDS archive(s) mapped at: [0x0000029145000000-0x0000029145c90000-0x0000029145c90000), size 13172736, SharedBaseAddress: 0x0000029145000000, ArchiveRelocationMode: 1.
Compressed class space mapped at: 0x0000029146000000-0x000002915a000000, reserved size: 335544320
Narrow klass base: 0x0000029145000000, Narrow klass shift: 0, Narrow klass range: 0x100000000

GC Precious Log:
 CardTable entry size: 512
 Card Set container configuration: InlinePtr #cards 5 size 8 Array Of Cards #cards 12 size 40 Howl #buckets 4 coarsen threshold 1843 Howl Bitmap #cards 512 size 80 coarsen threshold 460 Card regions per heap region 1 cards per card region 2048
 CPUs: 8 total, 8 available
 Memory: 16107M
 Large Page Support: Disabled
 NUMA Support: Disabled
 Compressed Oops: Enabled (32-bit)
 Heap Region Size: 1M
 Heap Min Capacity: 256M
 Heap Initial Capacity: 256M
 Heap Max Capacity: 512M
 Pre-touch: Disabled
 Parallel Workers: 8
 Concurrent Workers: 2
 Concurrent Refinement Workers: 8
 Periodic GC: Disabled

Heap:
 garbage-first heap   total 262144K, used 52079K [0x00000000e0000000, 0x0000000100000000)
  region size 1024K, 40 young (40960K), 13 survivors (13312K)
 Metaspace       used 24288K, committed 25088K, reserved 393216K
  class space    used 3453K, committed 3840K, reserved 327680K

Heap Regions: E=young(eden), S=young(survivor), O=old, HS=humongous(starts), HC=humongous(continues), CS=collection set, F=free, TAMS=top-at-mark-start, PB=parsable bottom
|   0|0x00000000e0000000, 0x00000000e0100000, 0x00000000e0100000|100%|HS|  |TAMS 0x00000000e0000000| PB 0x00000000e0000000| Complete 
|   1|0x00000000e0100000, 0x00000000e0200000, 0x00000000e0200000|100%|HC|  |TAMS 0x00000000e0100000| PB 0x00000000e0100000| Complete 
|   2|0x00000000e0200000, 0x00000000e0300000, 0x00000000e0300000|100%|HC|  |TAMS 0x00000000e0200000| PB 0x00000000e0200000| Complete 
|   3|0x00000000e0300000, 0x00000000e0400000, 0x00000000e0400000|100%|HC|  |TAMS 0x00000000e0300000| PB 0x00000000e0300000| Complete 
|   4|0x00000000e0400000, 0x00000000e0500000, 0x00000000e0500000|100%| O|  |TAMS 0x00000000e0400000| PB 0x00000000e0400000| Untracked 
|   5|0x00000000e0500000, 0x00000000e0600000, 0x00000000e0600000|100%| O|  |TAMS 0x00000000e0500000| PB 0x00000000e0500000| Untracked 
|   6|0x00000000e0600000, 0x00000000e0700000, 0x00000000e0700000|100%| O|  |TAMS 0x00000000e0600000| PB 0x00000000e0600000| Untracked 
|   7|0x00000000e0700000, 0x00000000e0800000, 0x00000000e0800000|100%| O|  |TAMS 0x00000000e0700000| PB 0x00000000e0700000| Untracked 
|   8|0x00000000e0800000, 0x00000000e0900000, 0x00000000e0900000|100%| O|Cm|TAMS 0x00000000e0800000| PB 0x00000000e0800000| Complete 
|   9|0x00000000e0900000, 0x00000000e0a00000, 0x00000000e0a00000|100%| O|  |TAMS 0x00000000e0900000| PB 0x00000000e0900000| Untracked 
|  10|0x00000000e0a00000, 0x00000000e0b00000, 0x00000000e0b00000|100%| O|  |TAMS 0x00000000e0a00000| PB 0x00000000e0a00000| Untracked 
|  11|0x00000000e0b00000, 0x00000000e0b14f80, 0x00000000e0c00000|  8%| O|  |TAMS 0x00000000e0b00000| PB 0x00000000e0b00000| Untracked 
|  12|0x00000000e0c00000, 0x00000000e0d00000, 0x00000000e0d00000|100%|HS|  |TAMS 0x00000000e0c00000| PB 0x00000000e0c00000| Complete 
|  13|0x00000000e0d00000, 0x00000000e0d00000, 0x00000000e0e00000|  0%| F|  |TAMS 0x00000000e0d00000| PB 0x00000000e0d00000| Untracked 
|  14|0x00000000e0e00000, 0x00000000e0e00000, 0x00000000e0f00000|  0%| F|  |TAMS 0x00000000e0e00000| PB 0x00000000e0e00000| Untracked 
|  15|0x00000000e0f00000, 0x00000000e0f00000, 0x00000000e1000000|  0%| F|  |TAMS 0x00000000e0f00000| PB 0x00000000e0f00000| Untracked 
|  16|0x00000000e1000000, 0x00000000e1000000, 0x00000000e1100000|  0%| F|  |TAMS 0x00000000e1000000| PB 0x00000000e1000000| Untracked 
|  17|0x00000000e1100000, 0x00000000e1100000, 0x00000000e1200000|  0%| F|  |TAMS 0x00000000e1100000| PB 0x00000000e1100000| Untracked 
|  18|0x00000000e1200000, 0x00000000e1200000, 0x00000000e1300000|  0%| F|  |TAMS 0x00000000e1200000| PB 0x00000000e1200000| Untracked 
|  19|0x00000000e1300000, 0x00000000e1300000, 0x00000000e1400000|  0%| F|  |TAMS 0x00000000e1300000| PB 0x00000000e1300000| Untracked 
|  20|0x00000000e1400000, 0x00000000e1400000, 0x00000000e1500000|  0%| F|  |TAMS 0x00000000e1400000| PB 0x00000000e1400000| Untracked 
|  21|0x00000000e1500000, 0x00000000e1500000, 0x00000000e1600000|  0%| F|  |TAMS 0x00000000e1500000| PB 0x00000000e1500000| Untracked 
|  22|0x00000000e1600000, 0x00000000e1600000, 0x00000000e1700000|  0%| F|  |TAMS 0x00000000e1600000| PB 0x00000000e1600000| Untracked 
|  23|0x00000000e1700000, 0x00000000e1700000, 0x00000000e1800000|  0%| F|  |TAMS 0x00000000e1700000| PB 0x00000000e1700000| Untracked 
|  24|0x00000000e1800000, 0x00000000e1800000, 0x00000000e1900000|  0%| F|  |TAMS 0x00000000e1800000| PB 0x00000000e1800000| Untracked 
|  25|0x00000000e1900000, 0x00000000e1900000, 0x00000000e1a00000|  0%| F|  |TAMS 0x00000000e1900000| PB 0x00000000e1900000| Untracked 
|  26|0x00000000e1a00000, 0x00000000e1a00000, 0x00000000e1b00000|  0%| F|  |TAMS 0x00000000e1a00000| PB 0x00000000e1a00000| Untracked 
|  27|0x00000000e1b00000, 0x00000000e1b00000, 0x00000000e1c00000|  0%| F|  |TAMS 0x00000000e1b00000| PB 0x00000000e1b00000| Untracked 
|  28|0x00000000e1c00000, 0x00000000e1c00000, 0x00000000e1d00000|  0%| F|  |TAMS 0x00000000e1c00000| PB 0x00000000e1c00000| Untracked 
|  29|0x00000000e1d00000, 0x00000000e1d00000, 0x00000000e1e00000|  0%| F|  |TAMS 0x00000000e1d00000| PB 0x00000000e1d00000| Untracked 
|  30|0x00000000e1e00000, 0x00000000e1e00000, 0x00000000e1f00000|  0%| F|  |TAMS 0x00000000e1e00000| PB 0x00000000e1e00000| Untracked 
|  31|0x00000000e1f00000, 0x00000000e1f00000, 0x00000000e2000000|  0%| F|  |TAMS 0x00000000e1f00000| PB 0x00000000e1f00000| Untracked 
|  32|0x00000000e2000000, 0x00000000e2000000, 0x00000000e2100000|  0%| F|  |TAMS 0x00000000e2000000| PB 0x00000000e2000000| Untracked 
|  33|0x00000000e2100000, 0x00000000e2100000, 0x00000000e2200000|  0%| F|  |TAMS 0x00000000e2100000| PB 0x00000000e2100000| Untracked 
|  34|0x00000000e2200000, 0x00000000e2200000, 0x00000000e2300000|  0%| F|  |TAMS 0x00000000e2200000| PB 0x00000000e2200000| Untracked 
|  35|0x00000000e2300000, 0x00000000e2300000, 0x00000000e2400000|  0%| F|  |TAMS 0x00000000e2300000| PB 0x00000000e2300000| Untracked 
|  36|0x00000000e2400000, 0x00000000e2400000, 0x00000000e2500000|  0%| F|  |TAMS 0x00000000e2400000| PB 0x00000000e2400000| Untracked 
|  37|0x00000000e2500000, 0x00000000e2500000, 0x00000000e2600000|  0%| F|  |TAMS 0x00000000e2500000| PB 0x00000000e2500000| Untracked 
|  38|0x00000000e2600000, 0x00000000e2600000, 0x00000000e2700000|  0%| F|  |TAMS 0x00000000e2600000| PB 0x00000000e2600000| Untracked 
|  39|0x00000000e2700000, 0x00000000e2700000, 0x00000000e2800000|  0%| F|  |TAMS 0x00000000e2700000| PB 0x00000000e2700000| Untracked 
|  40|0x00000000e2800000, 0x00000000e2800000, 0x00000000e2900000|  0%| F|  |TAMS 0x00000000e2800000| PB 0x00000000e2800000| Untracked 
|  41|0x00000000e2900000, 0x00000000e2900000, 0x00000000e2a00000|  0%| F|  |TAMS 0x00000000e2900000| PB 0x00000000e2900000| Untracked 
|  42|0x00000000e2a00000, 0x00000000e2a00000, 0x00000000e2b00000|  0%| F|  |TAMS 0x00000000e2a00000| PB 0x00000000e2a00000| Untracked 
|  43|0x00000000e2b00000, 0x00000000e2b00000, 0x00000000e2c00000|  0%| F|  |TAMS 0x00000000e2b00000| PB 0x00000000e2b00000| Untracked 
|  44|0x00000000e2c00000, 0x00000000e2c00000, 0x00000000e2d00000|  0%| F|  |TAMS 0x00000000e2c00000| PB 0x00000000e2c00000| Untracked 
|  45|0x00000000e2d00000, 0x00000000e2d00000, 0x00000000e2e00000|  0%| F|  |TAMS 0x00000000e2d00000| PB 0x00000000e2d00000| Untracked 
|  46|0x00000000e2e00000, 0x00000000e2e00000, 0x00000000e2f00000|  0%| F|  |TAMS 0x00000000e2e00000| PB 0x00000000e2e00000| Untracked 
|  47|0x00000000e2f00000, 0x00000000e2f00000, 0x00000000e3000000|  0%| F|  |TAMS 0x00000000e2f00000| PB 0x00000000e2f00000| Untracked 
|  48|0x00000000e3000000, 0x00000000e3000000, 0x00000000e3100000|  0%| F|  |TAMS 0x00000000e3000000| PB 0x00000000e3000000| Untracked 
|  49|0x00000000e3100000, 0x00000000e3100000, 0x00000000e3200000|  0%| F|  |TAMS 0x00000000e3100000| PB 0x00000000e3100000| Untracked 
|  50|0x00000000e3200000, 0x00000000e3200000, 0x00000000e3300000|  0%| F|  |TAMS 0x00000000e3200000| PB 0x00000000e3200000| Untracked 
|  51|0x00000000e3300000, 0x00000000e3300000, 0x00000000e3400000|  0%| F|  |TAMS 0x00000000e3300000| PB 0x00000000e3300000| Untracked 
|  52|0x00000000e3400000, 0x00000000e3400000, 0x00000000e3500000|  0%| F|  |TAMS 0x00000000e3400000| PB 0x00000000e3400000| Untracked 
|  53|0x00000000e3500000, 0x00000000e3500000, 0x00000000e3600000|  0%| F|  |TAMS 0x00000000e3500000| PB 0x00000000e3500000| Untracked 
|  54|0x00000000e3600000, 0x00000000e3600000, 0x00000000e3700000|  0%| F|  |TAMS 0x00000000e3600000| PB 0x00000000e3600000| Untracked 
|  55|0x00000000e3700000, 0x00000000e3700000, 0x00000000e3800000|  0%| F|  |TAMS 0x00000000e3700000| PB 0x00000000e3700000| Untracked 
|  56|0x00000000e3800000, 0x00000000e3800000, 0x00000000e3900000|  0%| F|  |TAMS 0x00000000e3800000| PB 0x00000000e3800000| Untracked 
|  57|0x00000000e3900000, 0x00000000e3900000, 0x00000000e3a00000|  0%| F|  |TAMS 0x00000000e3900000| PB 0x00000000e3900000| Untracked 
|  58|0x00000000e3a00000, 0x00000000e3a00000, 0x00000000e3b00000|  0%| F|  |TAMS 0x00000000e3a00000| PB 0x00000000e3a00000| Untracked 
|  59|0x00000000e3b00000, 0x00000000e3b00000, 0x00000000e3c00000|  0%| F|  |TAMS 0x00000000e3b00000| PB 0x00000000e3b00000| Untracked 
|  60|0x00000000e3c00000, 0x00000000e3c00000, 0x00000000e3d00000|  0%| F|  |TAMS 0x00000000e3c00000| PB 0x00000000e3c00000| Untracked 
|  61|0x00000000e3d00000, 0x00000000e3d00000, 0x00000000e3e00000|  0%| F|  |TAMS 0x00000000e3d00000| PB 0x00000000e3d00000| Untracked 
|  62|0x00000000e3e00000, 0x00000000e3e00000, 0x00000000e3f00000|  0%| F|  |TAMS 0x00000000e3e00000| PB 0x00000000e3e00000| Untracked 
|  63|0x00000000e3f00000, 0x00000000e3f00000, 0x00000000e4000000|  0%| F|  |TAMS 0x00000000e3f00000| PB 0x00000000e3f00000| Untracked 
|  64|0x00000000e4000000, 0x00000000e4000000, 0x00000000e4100000|  0%| F|  |TAMS 0x00000000e4000000| PB 0x00000000e4000000| Untracked 
|  65|0x00000000e4100000, 0x00000000e4100000, 0x00000000e4200000|  0%| F|  |TAMS 0x00000000e4100000| PB 0x00000000e4100000| Untracked 
|  66|0x00000000e4200000, 0x00000000e4200000, 0x00000000e4300000|  0%| F|  |TAMS 0x00000000e4200000| PB 0x00000000e4200000| Untracked 
|  67|0x00000000e4300000, 0x00000000e4300000, 0x00000000e4400000|  0%| F|  |TAMS 0x00000000e4300000| PB 0x00000000e4300000| Untracked 
|  68|0x00000000e4400000, 0x00000000e4400000, 0x00000000e4500000|  0%| F|  |TAMS 0x00000000e4400000| PB 0x00000000e4400000| Untracked 
|  69|0x00000000e4500000, 0x00000000e4500000, 0x00000000e4600000|  0%| F|  |TAMS 0x00000000e4500000| PB 0x00000000e4500000| Untracked 
|  70|0x00000000e4600000, 0x00000000e4600000, 0x00000000e4700000|  0%| F|  |TAMS 0x00000000e4600000| PB 0x00000000e4600000| Untracked 
|  71|0x00000000e4700000, 0x00000000e4700000, 0x00000000e4800000|  0%| F|  |TAMS 0x00000000e4700000| PB 0x00000000e4700000| Untracked 
|  72|0x00000000e4800000, 0x00000000e4800000, 0x00000000e4900000|  0%| F|  |TAMS 0x00000000e4800000| PB 0x00000000e4800000| Untracked 
|  73|0x00000000e4900000, 0x00000000e4900000, 0x00000000e4a00000|  0%| F|  |TAMS 0x00000000e4900000| PB 0x00000000e4900000| Untracked 
|  74|0x00000000e4a00000, 0x00000000e4a00000, 0x00000000e4b00000|  0%| F|  |TAMS 0x00000000e4a00000| PB 0x00000000e4a00000| Untracked 
|  75|0x00000000e4b00000, 0x00000000e4b00000, 0x00000000e4c00000|  0%| F|  |TAMS 0x00000000e4b00000| PB 0x00000000e4b00000| Untracked 
|  76|0x00000000e4c00000, 0x00000000e4c00000, 0x00000000e4d00000|  0%| F|  |TAMS 0x00000000e4c00000| PB 0x00000000e4c00000| Untracked 
|  77|0x00000000e4d00000, 0x00000000e4d00000, 0x00000000e4e00000|  0%| F|  |TAMS 0x00000000e4d00000| PB 0x00000000e4d00000| Untracked 
|  78|0x00000000e4e00000, 0x00000000e4e00000, 0x00000000e4f00000|  0%| F|  |TAMS 0x00000000e4e00000| PB 0x00000000e4e00000| Untracked 
|  79|0x00000000e4f00000, 0x00000000e4f00000, 0x00000000e5000000|  0%| F|  |TAMS 0x00000000e4f00000| PB 0x00000000e4f00000| Untracked 
|  80|0x00000000e5000000, 0x00000000e5000000, 0x00000000e5100000|  0%| F|  |TAMS 0x00000000e5000000| PB 0x00000000e5000000| Untracked 
|  81|0x00000000e5100000, 0x00000000e5100000, 0x00000000e5200000|  0%| F|  |TAMS 0x00000000e5100000| PB 0x00000000e5100000| Untracked 
|  82|0x00000000e5200000, 0x00000000e5200000, 0x00000000e5300000|  0%| F|  |TAMS 0x00000000e5200000| PB 0x00000000e5200000| Untracked 
|  83|0x00000000e5300000, 0x00000000e5300000, 0x00000000e5400000|  0%| F|  |TAMS 0x00000000e5300000| PB 0x00000000e5300000| Untracked 
|  84|0x00000000e5400000, 0x00000000e5400000, 0x00000000e5500000|  0%| F|  |TAMS 0x00000000e5400000| PB 0x00000000e5400000| Untracked 
|  85|0x00000000e5500000, 0x00000000e5500000, 0x00000000e5600000|  0%| F|  |TAMS 0x00000000e5500000| PB 0x00000000e5500000| Untracked 
|  86|0x00000000e5600000, 0x00000000e5600000, 0x00000000e5700000|  0%| F|  |TAMS 0x00000000e5600000| PB 0x00000000e5600000| Untracked 
|  87|0x00000000e5700000, 0x00000000e5700000, 0x00000000e5800000|  0%| F|  |TAMS 0x00000000e5700000| PB 0x00000000e5700000| Untracked 
|  88|0x00000000e5800000, 0x00000000e5800000, 0x00000000e5900000|  0%| F|  |TAMS 0x00000000e5800000| PB 0x00000000e5800000| Untracked 
|  89|0x00000000e5900000, 0x00000000e5900000, 0x00000000e5a00000|  0%| F|  |TAMS 0x00000000e5900000| PB 0x00000000e5900000| Untracked 
|  90|0x00000000e5a00000, 0x00000000e5a00000, 0x00000000e5b00000|  0%| F|  |TAMS 0x00000000e5a00000| PB 0x00000000e5a00000| Untracked 
|  91|0x00000000e5b00000, 0x00000000e5b00000, 0x00000000e5c00000|  0%| F|  |TAMS 0x00000000e5b00000| PB 0x00000000e5b00000| Untracked 
|  92|0x00000000e5c00000, 0x00000000e5c00000, 0x00000000e5d00000|  0%| F|  |TAMS 0x00000000e5c00000| PB 0x00000000e5c00000| Untracked 
|  93|0x00000000e5d00000, 0x00000000e5d00000, 0x00000000e5e00000|  0%| F|  |TAMS 0x00000000e5d00000| PB 0x00000000e5d00000| Untracked 
|  94|0x00000000e5e00000, 0x00000000e5e00000, 0x00000000e5f00000|  0%| F|  |TAMS 0x00000000e5e00000| PB 0x00000000e5e00000| Untracked 
|  95|0x00000000e5f00000, 0x00000000e5f00000, 0x00000000e6000000|  0%| F|  |TAMS 0x00000000e5f00000| PB 0x00000000e5f00000| Untracked 
|  96|0x00000000e6000000, 0x00000000e6000000, 0x00000000e6100000|  0%| F|  |TAMS 0x00000000e6000000| PB 0x00000000e6000000| Untracked 
|  97|0x00000000e6100000, 0x00000000e6100000, 0x00000000e6200000|  0%| F|  |TAMS 0x00000000e6100000| PB 0x00000000e6100000| Untracked 
|  98|0x00000000e6200000, 0x00000000e6200000, 0x00000000e6300000|  0%| F|  |TAMS 0x00000000e6200000| PB 0x00000000e6200000| Untracked 
|  99|0x00000000e6300000, 0x00000000e6300000, 0x00000000e6400000|  0%| F|  |TAMS 0x00000000e6300000| PB 0x00000000e6300000| Untracked 
| 100|0x00000000e6400000, 0x00000000e6400000, 0x00000000e6500000|  0%| F|  |TAMS 0x00000000e6400000| PB 0x00000000e6400000| Untracked 
| 101|0x00000000e6500000, 0x00000000e6500000, 0x00000000e6600000|  0%| F|  |TAMS 0x00000000e6500000| PB 0x00000000e6500000| Untracked 
| 102|0x00000000e6600000, 0x00000000e6600000, 0x00000000e6700000|  0%| F|  |TAMS 0x00000000e6600000| PB 0x00000000e6600000| Untracked 
| 103|0x00000000e6700000, 0x00000000e6700000, 0x00000000e6800000|  0%| F|  |TAMS 0x00000000e6700000| PB 0x00000000e6700000| Untracked 
| 104|0x00000000e6800000, 0x00000000e6800000, 0x00000000e6900000|  0%| F|  |TAMS 0x00000000e6800000| PB 0x00000000e6800000| Untracked 
| 105|0x00000000e6900000, 0x00000000e6900000, 0x00000000e6a00000|  0%| F|  |TAMS 0x00000000e6900000| PB 0x00000000e6900000| Untracked 
| 106|0x00000000e6a00000, 0x00000000e6a00000, 0x00000000e6b00000|  0%| F|  |TAMS 0x00000000e6a00000| PB 0x00000000e6a00000| Untracked 
| 107|0x00000000e6b00000, 0x00000000e6b00000, 0x00000000e6c00000|  0%| F|  |TAMS 0x00000000e6b00000| PB 0x00000000e6b00000| Untracked 
| 108|0x00000000e6c00000, 0x00000000e6c00000, 0x00000000e6d00000|  0%| F|  |TAMS 0x00000000e6c00000| PB 0x00000000e6c00000| Untracked 
| 109|0x00000000e6d00000, 0x00000000e6d00000, 0x00000000e6e00000|  0%| F|  |TAMS 0x00000000e6d00000| PB 0x00000000e6d00000| Untracked 
| 110|0x00000000e6e00000, 0x00000000e6e00000, 0x00000000e6f00000|  0%| F|  |TAMS 0x00000000e6e00000| PB 0x00000000e6e00000| Untracked 
| 111|0x00000000e6f00000, 0x00000000e6f00000, 0x00000000e7000000|  0%| F|  |TAMS 0x00000000e6f00000| PB 0x00000000e6f00000| Untracked 
| 112|0x00000000e7000000, 0x00000000e7000000, 0x00000000e7100000|  0%| F|  |TAMS 0x00000000e7000000| PB 0x00000000e7000000| Untracked 
| 113|0x00000000e7100000, 0x00000000e7100000, 0x00000000e7200000|  0%| F|  |TAMS 0x00000000e7100000| PB 0x00000000e7100000| Untracked 
| 114|0x00000000e7200000, 0x00000000e7200000, 0x00000000e7300000|  0%| F|  |TAMS 0x00000000e7200000| PB 0x00000000e7200000| Untracked 
| 115|0x00000000e7300000, 0x00000000e7300000, 0x00000000e7400000|  0%| F|  |TAMS 0x00000000e7300000| PB 0x00000000e7300000| Untracked 
| 116|0x00000000e7400000, 0x00000000e7400000, 0x00000000e7500000|  0%| F|  |TAMS 0x00000000e7400000| PB 0x00000000e7400000| Untracked 
| 117|0x00000000e7500000, 0x00000000e7500000, 0x00000000e7600000|  0%| F|  |TAMS 0x00000000e7500000| PB 0x00000000e7500000| Untracked 
| 118|0x00000000e7600000, 0x00000000e7600000, 0x00000000e7700000|  0%| F|  |TAMS 0x00000000e7600000| PB 0x00000000e7600000| Untracked 
| 119|0x00000000e7700000, 0x00000000e7700000, 0x00000000e7800000|  0%| F|  |TAMS 0x00000000e7700000| PB 0x00000000e7700000| Untracked 
| 120|0x00000000e7800000, 0x00000000e7800000, 0x00000000e7900000|  0%| F|  |TAMS 0x00000000e7800000| PB 0x00000000e7800000| Untracked 
| 121|0x00000000e7900000, 0x00000000e7900000, 0x00000000e7a00000|  0%| F|  |TAMS 0x00000000e7900000| PB 0x00000000e7900000| Untracked 
| 122|0x00000000e7a00000, 0x00000000e7a00000, 0x00000000e7b00000|  0%| F|  |TAMS 0x00000000e7a00000| PB 0x00000000e7a00000| Untracked 
| 123|0x00000000e7b00000, 0x00000000e7b00000, 0x00000000e7c00000|  0%| F|  |TAMS 0x00000000e7b00000| PB 0x00000000e7b00000| Untracked 
| 124|0x00000000e7c00000, 0x00000000e7c00000, 0x00000000e7d00000|  0%| F|  |TAMS 0x00000000e7c00000| PB 0x00000000e7c00000| Untracked 
| 125|0x00000000e7d00000, 0x00000000e7dc6ca0, 0x00000000e7e00000| 77%| S|CS|TAMS 0x00000000e7d00000| PB 0x00000000e7d00000| Complete 
| 126|0x00000000e7e00000, 0x00000000e7f00000, 0x00000000e7f00000|100%| S|CS|TAMS 0x00000000e7e00000| PB 0x00000000e7e00000| Complete 
| 127|0x00000000e7f00000, 0x00000000e8000000, 0x00000000e8000000|100%| S|CS|TAMS 0x00000000e7f00000| PB 0x00000000e7f00000| Complete 
| 128|0x00000000e8000000, 0x00000000e8100000, 0x00000000e8100000|100%| S|CS|TAMS 0x00000000e8000000| PB 0x00000000e8000000| Complete 
| 129|0x00000000e8100000, 0x00000000e8200000, 0x00000000e8200000|100%| S|CS|TAMS 0x00000000e8100000| PB 0x00000000e8100000| Complete 
| 130|0x00000000e8200000, 0x00000000e8300000, 0x00000000e8300000|100%| S|CS|TAMS 0x00000000e8200000| PB 0x00000000e8200000| Complete 
| 131|0x00000000e8300000, 0x00000000e8400000, 0x00000000e8400000|100%| S|CS|TAMS 0x00000000e8300000| PB 0x00000000e8300000| Complete 
| 132|0x00000000e8400000, 0x00000000e8500000, 0x00000000e8500000|100%| S|CS|TAMS 0x00000000e8400000| PB 0x00000000e8400000| Complete 
| 133|0x00000000e8500000, 0x00000000e8600000, 0x00000000e8600000|100%| S|CS|TAMS 0x00000000e8500000| PB 0x00000000e8500000| Complete 
| 134|0x00000000e8600000, 0x00000000e8700000, 0x00000000e8700000|100%| S|CS|TAMS 0x00000000e8600000| PB 0x00000000e8600000| Complete 
| 135|0x00000000e8700000, 0x00000000e8800000, 0x00000000e8800000|100%| S|CS|TAMS 0x00000000e8700000| PB 0x00000000e8700000| Complete 
| 136|0x00000000e8800000, 0x00000000e8900000, 0x00000000e8900000|100%| S|CS|TAMS 0x00000000e8800000| PB 0x00000000e8800000| Complete 
| 137|0x00000000e8900000, 0x00000000e8a00000, 0x00000000e8a00000|100%| S|CS|TAMS 0x00000000e8900000| PB 0x00000000e8900000| Complete 
| 138|0x00000000e8a00000, 0x00000000e8a00000, 0x00000000e8b00000|  0%| F|  |TAMS 0x00000000e8a00000| PB 0x00000000e8a00000| Untracked 
| 139|0x00000000e8b00000, 0x00000000e8b00000, 0x00000000e8c00000|  0%| F|  |TAMS 0x00000000e8b00000| PB 0x00000000e8b00000| Untracked 
| 140|0x00000000e8c00000, 0x00000000e8c00000, 0x00000000e8d00000|  0%| F|  |TAMS 0x00000000e8c00000| PB 0x00000000e8c00000| Untracked 
| 141|0x00000000e8d00000, 0x00000000e8d00000, 0x00000000e8e00000|  0%| F|  |TAMS 0x00000000e8d00000| PB 0x00000000e8d00000| Untracked 
| 142|0x00000000e8e00000, 0x00000000e8e00000, 0x00000000e8f00000|  0%| F|  |TAMS 0x00000000e8e00000| PB 0x00000000e8e00000| Untracked 
| 143|0x00000000e8f00000, 0x00000000e8f00000, 0x00000000e9000000|  0%| F|  |TAMS 0x00000000e8f00000| PB 0x00000000e8f00000| Untracked 
| 144|0x00000000e9000000, 0x00000000e9000000, 0x00000000e9100000|  0%| F|  |TAMS 0x00000000e9000000| PB 0x00000000e9000000| Untracked 
| 145|0x00000000e9100000, 0x00000000e9100000, 0x00000000e9200000|  0%| F|  |TAMS 0x00000000e9100000| PB 0x00000000e9100000| Untracked 
| 146|0x00000000e9200000, 0x00000000e9200000, 0x00000000e9300000|  0%| F|  |TAMS 0x00000000e9200000| PB 0x00000000e9200000| Untracked 
| 147|0x00000000e9300000, 0x00000000e9300000, 0x00000000e9400000|  0%| F|  |TAMS 0x00000000e9300000| PB 0x00000000e9300000| Untracked 
| 148|0x00000000e9400000, 0x00000000e9400000, 0x00000000e9500000|  0%| F|  |TAMS 0x00000000e9400000| PB 0x00000000e9400000| Untracked 
| 149|0x00000000e9500000, 0x00000000e9500000, 0x00000000e9600000|  0%| F|  |TAMS 0x00000000e9500000| PB 0x00000000e9500000| Untracked 
| 150|0x00000000e9600000, 0x00000000e9600000, 0x00000000e9700000|  0%| F|  |TAMS 0x00000000e9600000| PB 0x00000000e9600000| Untracked 
| 151|0x00000000e9700000, 0x00000000e9700000, 0x00000000e9800000|  0%| F|  |TAMS 0x00000000e9700000| PB 0x00000000e9700000| Untracked 
| 152|0x00000000e9800000, 0x00000000e9800000, 0x00000000e9900000|  0%| F|  |TAMS 0x00000000e9800000| PB 0x00000000e9800000| Untracked 
| 153|0x00000000e9900000, 0x00000000e9900000, 0x00000000e9a00000|  0%| F|  |TAMS 0x00000000e9900000| PB 0x00000000e9900000| Untracked 
| 154|0x00000000e9a00000, 0x00000000e9a00000, 0x00000000e9b00000|  0%| F|  |TAMS 0x00000000e9a00000| PB 0x00000000e9a00000| Untracked 
| 155|0x00000000e9b00000, 0x00000000e9b00000, 0x00000000e9c00000|  0%| F|  |TAMS 0x00000000e9b00000| PB 0x00000000e9b00000| Untracked 
| 156|0x00000000e9c00000, 0x00000000e9c00000, 0x00000000e9d00000|  0%| F|  |TAMS 0x00000000e9c00000| PB 0x00000000e9c00000| Untracked 
| 157|0x00000000e9d00000, 0x00000000e9d00000, 0x00000000e9e00000|  0%| F|  |TAMS 0x00000000e9d00000| PB 0x00000000e9d00000| Untracked 
| 158|0x00000000e9e00000, 0x00000000e9e00000, 0x00000000e9f00000|  0%| F|  |TAMS 0x00000000e9e00000| PB 0x00000000e9e00000| Untracked 
| 159|0x00000000e9f00000, 0x00000000e9f00000, 0x00000000ea000000|  0%| F|  |TAMS 0x00000000e9f00000| PB 0x00000000e9f00000| Untracked 
| 160|0x00000000ea000000, 0x00000000ea000000, 0x00000000ea100000|  0%| F|  |TAMS 0x00000000ea000000| PB 0x00000000ea000000| Untracked 
| 161|0x00000000ea100000, 0x00000000ea100000, 0x00000000ea200000|  0%| F|  |TAMS 0x00000000ea100000| PB 0x00000000ea100000| Untracked 
| 162|0x00000000ea200000, 0x00000000ea200000, 0x00000000ea300000|  0%| F|  |TAMS 0x00000000ea200000| PB 0x00000000ea200000| Untracked 
| 163|0x00000000ea300000, 0x00000000ea300000, 0x00000000ea400000|  0%| F|  |TAMS 0x00000000ea300000| PB 0x00000000ea300000| Untracked 
| 164|0x00000000ea400000, 0x00000000ea400000, 0x00000000ea500000|  0%| F|  |TAMS 0x00000000ea400000| PB 0x00000000ea400000| Untracked 
| 165|0x00000000ea500000, 0x00000000ea500000, 0x00000000ea600000|  0%| F|  |TAMS 0x00000000ea500000| PB 0x00000000ea500000| Untracked 
| 166|0x00000000ea600000, 0x00000000ea600000, 0x00000000ea700000|  0%| F|  |TAMS 0x00000000ea600000| PB 0x00000000ea600000| Untracked 
| 167|0x00000000ea700000, 0x00000000ea700000, 0x00000000ea800000|  0%| F|  |TAMS 0x00000000ea700000| PB 0x00000000ea700000| Untracked 
| 168|0x00000000ea800000, 0x00000000ea800000, 0x00000000ea900000|  0%| F|  |TAMS 0x00000000ea800000| PB 0x00000000ea800000| Untracked 
| 169|0x00000000ea900000, 0x00000000ea900000, 0x00000000eaa00000|  0%| F|  |TAMS 0x00000000ea900000| PB 0x00000000ea900000| Untracked 
| 170|0x00000000eaa00000, 0x00000000eaa00000, 0x00000000eab00000|  0%| F|  |TAMS 0x00000000eaa00000| PB 0x00000000eaa00000| Untracked 
| 171|0x00000000eab00000, 0x00000000eab00000, 0x00000000eac00000|  0%| F|  |TAMS 0x00000000eab00000| PB 0x00000000eab00000| Untracked 
| 172|0x00000000eac00000, 0x00000000eac00000, 0x00000000ead00000|  0%| F|  |TAMS 0x00000000eac00000| PB 0x00000000eac00000| Untracked 
| 173|0x00000000ead00000, 0x00000000ead00000, 0x00000000eae00000|  0%| F|  |TAMS 0x00000000ead00000| PB 0x00000000ead00000| Untracked 
| 174|0x00000000eae00000, 0x00000000eae00000, 0x00000000eaf00000|  0%| F|  |TAMS 0x00000000eae00000| PB 0x00000000eae00000| Untracked 
| 175|0x00000000eaf00000, 0x00000000eaf00000, 0x00000000eb000000|  0%| F|  |TAMS 0x00000000eaf00000| PB 0x00000000eaf00000| Untracked 
| 176|0x00000000eb000000, 0x00000000eb000000, 0x00000000eb100000|  0%| F|  |TAMS 0x00000000eb000000| PB 0x00000000eb000000| Untracked 
| 177|0x00000000eb100000, 0x00000000eb100000, 0x00000000eb200000|  0%| F|  |TAMS 0x00000000eb100000| PB 0x00000000eb100000| Untracked 
| 178|0x00000000eb200000, 0x00000000eb200000, 0x00000000eb300000|  0%| F|  |TAMS 0x00000000eb200000| PB 0x00000000eb200000| Untracked 
| 179|0x00000000eb300000, 0x00000000eb300000, 0x00000000eb400000|  0%| F|  |TAMS 0x00000000eb300000| PB 0x00000000eb300000| Untracked 
| 180|0x00000000eb400000, 0x00000000eb400000, 0x00000000eb500000|  0%| F|  |TAMS 0x00000000eb400000| PB 0x00000000eb400000| Untracked 
| 181|0x00000000eb500000, 0x00000000eb500000, 0x00000000eb600000|  0%| F|  |TAMS 0x00000000eb500000| PB 0x00000000eb500000| Untracked 
| 182|0x00000000eb600000, 0x00000000eb600000, 0x00000000eb700000|  0%| F|  |TAMS 0x00000000eb600000| PB 0x00000000eb600000| Untracked 
| 183|0x00000000eb700000, 0x00000000eb700000, 0x00000000eb800000|  0%| F|  |TAMS 0x00000000eb700000| PB 0x00000000eb700000| Untracked 
| 184|0x00000000eb800000, 0x00000000eb800000, 0x00000000eb900000|  0%| F|  |TAMS 0x00000000eb800000| PB 0x00000000eb800000| Untracked 
| 185|0x00000000eb900000, 0x00000000eb900000, 0x00000000eba00000|  0%| F|  |TAMS 0x00000000eb900000| PB 0x00000000eb900000| Untracked 
| 186|0x00000000eba00000, 0x00000000eba00000, 0x00000000ebb00000|  0%| F|  |TAMS 0x00000000eba00000| PB 0x00000000eba00000| Untracked 
| 187|0x00000000ebb00000, 0x00000000ebb00000, 0x00000000ebc00000|  0%| F|  |TAMS 0x00000000ebb00000| PB 0x00000000ebb00000| Untracked 
| 188|0x00000000ebc00000, 0x00000000ebc00000, 0x00000000ebd00000|  0%| F|  |TAMS 0x00000000ebc00000| PB 0x00000000ebc00000| Untracked 
| 189|0x00000000ebd00000, 0x00000000ebd00000, 0x00000000ebe00000|  0%| F|  |TAMS 0x00000000ebd00000| PB 0x00000000ebd00000| Untracked 
| 190|0x00000000ebe00000, 0x00000000ebe00000, 0x00000000ebf00000|  0%| F|  |TAMS 0x00000000ebe00000| PB 0x00000000ebe00000| Untracked 
| 191|0x00000000ebf00000, 0x00000000ebf00000, 0x00000000ec000000|  0%| F|  |TAMS 0x00000000ebf00000| PB 0x00000000ebf00000| Untracked 
| 192|0x00000000ec000000, 0x00000000ec000000, 0x00000000ec100000|  0%| F|  |TAMS 0x00000000ec000000| PB 0x00000000ec000000| Untracked 
| 193|0x00000000ec100000, 0x00000000ec100000, 0x00000000ec200000|  0%| F|  |TAMS 0x00000000ec100000| PB 0x00000000ec100000| Untracked 
| 194|0x00000000ec200000, 0x00000000ec200000, 0x00000000ec300000|  0%| F|  |TAMS 0x00000000ec200000| PB 0x00000000ec200000| Untracked 
| 195|0x00000000ec300000, 0x00000000ec300000, 0x00000000ec400000|  0%| F|  |TAMS 0x00000000ec300000| PB 0x00000000ec300000| Untracked 
| 196|0x00000000ec400000, 0x00000000ec400000, 0x00000000ec500000|  0%| F|  |TAMS 0x00000000ec400000| PB 0x00000000ec400000| Untracked 
| 197|0x00000000ec500000, 0x00000000ec500000, 0x00000000ec600000|  0%| F|  |TAMS 0x00000000ec500000| PB 0x00000000ec500000| Untracked 
| 198|0x00000000ec600000, 0x00000000ec600000, 0x00000000ec700000|  0%| F|  |TAMS 0x00000000ec600000| PB 0x00000000ec600000| Untracked 
| 199|0x00000000ec700000, 0x00000000ec700000, 0x00000000ec800000|  0%| F|  |TAMS 0x00000000ec700000| PB 0x00000000ec700000| Untracked 
| 200|0x00000000ec800000, 0x00000000ec800000, 0x00000000ec900000|  0%| F|  |TAMS 0x00000000ec800000| PB 0x00000000ec800000| Untracked 
| 201|0x00000000ec900000, 0x00000000ec900000, 0x00000000eca00000|  0%| F|  |TAMS 0x00000000ec900000| PB 0x00000000ec900000| Untracked 
| 202|0x00000000eca00000, 0x00000000eca00000, 0x00000000ecb00000|  0%| F|  |TAMS 0x00000000eca00000| PB 0x00000000eca00000| Untracked 
| 203|0x00000000ecb00000, 0x00000000ecb00000, 0x00000000ecc00000|  0%| F|  |TAMS 0x00000000ecb00000| PB 0x00000000ecb00000| Untracked 
| 204|0x00000000ecc00000, 0x00000000ecc00000, 0x00000000ecd00000|  0%| F|  |TAMS 0x00000000ecc00000| PB 0x00000000ecc00000| Untracked 
| 205|0x00000000ecd00000, 0x00000000ecd00000, 0x00000000ece00000|  0%| F|  |TAMS 0x00000000ecd00000| PB 0x00000000ecd00000| Untracked 
| 206|0x00000000ece00000, 0x00000000ece00000, 0x00000000ecf00000|  0%| F|  |TAMS 0x00000000ece00000| PB 0x00000000ece00000| Untracked 
| 207|0x00000000ecf00000, 0x00000000ecf00000, 0x00000000ed000000|  0%| F|  |TAMS 0x00000000ecf00000| PB 0x00000000ecf00000| Untracked 
| 208|0x00000000ed000000, 0x00000000ed000000, 0x00000000ed100000|  0%| F|  |TAMS 0x00000000ed000000| PB 0x00000000ed000000| Untracked 
| 209|0x00000000ed100000, 0x00000000ed100000, 0x00000000ed200000|  0%| F|  |TAMS 0x00000000ed100000| PB 0x00000000ed100000| Untracked 
| 210|0x00000000ed200000, 0x00000000ed200000, 0x00000000ed300000|  0%| F|  |TAMS 0x00000000ed200000| PB 0x00000000ed200000| Untracked 
| 211|0x00000000ed300000, 0x00000000ed300000, 0x00000000ed400000|  0%| F|  |TAMS 0x00000000ed300000| PB 0x00000000ed300000| Untracked 
| 212|0x00000000ed400000, 0x00000000ed400000, 0x00000000ed500000|  0%| F|  |TAMS 0x00000000ed400000| PB 0x00000000ed400000| Untracked 
| 213|0x00000000ed500000, 0x00000000ed500000, 0x00000000ed600000|  0%| F|  |TAMS 0x00000000ed500000| PB 0x00000000ed500000| Untracked 
| 214|0x00000000ed600000, 0x00000000ed600000, 0x00000000ed700000|  0%| F|  |TAMS 0x00000000ed600000| PB 0x00000000ed600000| Untracked 
| 215|0x00000000ed700000, 0x00000000ed700000, 0x00000000ed800000|  0%| F|  |TAMS 0x00000000ed700000| PB 0x00000000ed700000| Untracked 
| 216|0x00000000ed800000, 0x00000000ed800000, 0x00000000ed900000|  0%| F|  |TAMS 0x00000000ed800000| PB 0x00000000ed800000| Untracked 
| 217|0x00000000ed900000, 0x00000000ed900000, 0x00000000eda00000|  0%| F|  |TAMS 0x00000000ed900000| PB 0x00000000ed900000| Untracked 
| 218|0x00000000eda00000, 0x00000000eda00000, 0x00000000edb00000|  0%| F|  |TAMS 0x00000000eda00000| PB 0x00000000eda00000| Untracked 
| 219|0x00000000edb00000, 0x00000000edb00000, 0x00000000edc00000|  0%| F|  |TAMS 0x00000000edb00000| PB 0x00000000edb00000| Untracked 
| 220|0x00000000edc00000, 0x00000000edc00000, 0x00000000edd00000|  0%| F|  |TAMS 0x00000000edc00000| PB 0x00000000edc00000| Untracked 
| 221|0x00000000edd00000, 0x00000000edd00000, 0x00000000ede00000|  0%| F|  |TAMS 0x00000000edd00000| PB 0x00000000edd00000| Untracked 
| 222|0x00000000ede00000, 0x00000000ede00000, 0x00000000edf00000|  0%| F|  |TAMS 0x00000000ede00000| PB 0x00000000ede00000| Untracked 
| 223|0x00000000edf00000, 0x00000000edf00000, 0x00000000ee000000|  0%| F|  |TAMS 0x00000000edf00000| PB 0x00000000edf00000| Untracked 
| 224|0x00000000ee000000, 0x00000000ee000000, 0x00000000ee100000|  0%| F|  |TAMS 0x00000000ee000000| PB 0x00000000ee000000| Untracked 
| 225|0x00000000ee100000, 0x00000000ee100000, 0x00000000ee200000|  0%| F|  |TAMS 0x00000000ee100000| PB 0x00000000ee100000| Untracked 
| 226|0x00000000ee200000, 0x00000000ee200000, 0x00000000ee300000|  0%| F|  |TAMS 0x00000000ee200000| PB 0x00000000ee200000| Untracked 
| 227|0x00000000ee300000, 0x00000000ee300000, 0x00000000ee400000|  0%| F|  |TAMS 0x00000000ee300000| PB 0x00000000ee300000| Untracked 
| 228|0x00000000ee400000, 0x00000000ee400000, 0x00000000ee500000|  0%| F|  |TAMS 0x00000000ee400000| PB 0x00000000ee400000| Untracked 
| 229|0x00000000ee500000, 0x00000000ee600000, 0x00000000ee600000|100%| E|  |TAMS 0x00000000ee500000| PB 0x00000000ee500000| Complete 
| 230|0x00000000ee600000, 0x00000000ee700000, 0x00000000ee700000|100%| E|CS|TAMS 0x00000000ee600000| PB 0x00000000ee600000| Complete 
| 231|0x00000000ee700000, 0x00000000ee800000, 0x00000000ee800000|100%| E|CS|TAMS 0x00000000ee700000| PB 0x00000000ee700000| Complete 
| 232|0x00000000ee800000, 0x00000000ee900000, 0x00000000ee900000|100%| E|CS|TAMS 0x00000000ee800000| PB 0x00000000ee800000| Complete 
| 233|0x00000000ee900000, 0x00000000eea00000, 0x00000000eea00000|100%| E|CS|TAMS 0x00000000ee900000| PB 0x00000000ee900000| Complete 
| 234|0x00000000eea00000, 0x00000000eeb00000, 0x00000000eeb00000|100%| E|CS|TAMS 0x00000000eea00000| PB 0x00000000eea00000| Complete 
| 235|0x00000000eeb00000, 0x00000000eec00000, 0x00000000eec00000|100%| E|CS|TAMS 0x00000000eeb00000| PB 0x00000000eeb00000| Complete 
| 236|0x00000000eec00000, 0x00000000eed00000, 0x00000000eed00000|100%| E|CS|TAMS 0x00000000eec00000| PB 0x00000000eec00000| Complete 
| 237|0x00000000eed00000, 0x00000000eee00000, 0x00000000eee00000|100%| E|CS|TAMS 0x00000000eed00000| PB 0x00000000eed00000| Complete 
| 238|0x00000000eee00000, 0x00000000eef00000, 0x00000000eef00000|100%| E|CS|TAMS 0x00000000eee00000| PB 0x00000000eee00000| Complete 
| 239|0x00000000eef00000, 0x00000000ef000000, 0x00000000ef000000|100%| E|CS|TAMS 0x00000000eef00000| PB 0x00000000eef00000| Complete 
| 240|0x00000000ef000000, 0x00000000ef100000, 0x00000000ef100000|100%| E|CS|TAMS 0x00000000ef000000| PB 0x00000000ef000000| Complete 
| 241|0x00000000ef100000, 0x00000000ef200000, 0x00000000ef200000|100%| E|CS|TAMS 0x00000000ef100000| PB 0x00000000ef100000| Complete 
| 242|0x00000000ef200000, 0x00000000ef300000, 0x00000000ef300000|100%| E|CS|TAMS 0x00000000ef200000| PB 0x00000000ef200000| Complete 
| 243|0x00000000ef300000, 0x00000000ef400000, 0x00000000ef400000|100%| E|CS|TAMS 0x00000000ef300000| PB 0x00000000ef300000| Complete 
| 244|0x00000000ef400000, 0x00000000ef500000, 0x00000000ef500000|100%| E|CS|TAMS 0x00000000ef400000| PB 0x00000000ef400000| Complete 
| 245|0x00000000ef500000, 0x00000000ef600000, 0x00000000ef600000|100%| E|CS|TAMS 0x00000000ef500000| PB 0x00000000ef500000| Complete 
| 246|0x00000000ef600000, 0x00000000ef700000, 0x00000000ef700000|100%| E|CS|TAMS 0x00000000ef600000| PB 0x00000000ef600000| Complete 
| 247|0x00000000ef700000, 0x00000000ef800000, 0x00000000ef800000|100%| E|CS|TAMS 0x00000000ef700000| PB 0x00000000ef700000| Complete 
| 248|0x00000000ef800000, 0x00000000ef900000, 0x00000000ef900000|100%| E|CS|TAMS 0x00000000ef800000| PB 0x00000000ef800000| Complete 
| 249|0x00000000ef900000, 0x00000000efa00000, 0x00000000efa00000|100%| E|CS|TAMS 0x00000000ef900000| PB 0x00000000ef900000| Complete 
| 250|0x00000000efa00000, 0x00000000efb00000, 0x00000000efb00000|100%| E|CS|TAMS 0x00000000efa00000| PB 0x00000000efa00000| Complete 
| 251|0x00000000efb00000, 0x00000000efc00000, 0x00000000efc00000|100%| E|CS|TAMS 0x00000000efb00000| PB 0x00000000efb00000| Complete 
| 252|0x00000000efc00000, 0x00000000efd00000, 0x00000000efd00000|100%| E|CS|TAMS 0x00000000efc00000| PB 0x00000000efc00000| Complete 
| 253|0x00000000efd00000, 0x00000000efe00000, 0x00000000efe00000|100%| E|CS|TAMS 0x00000000efd00000| PB 0x00000000efd00000| Complete 
| 254|0x00000000efe00000, 0x00000000eff00000, 0x00000000eff00000|100%| E|CS|TAMS 0x00000000efe00000| PB 0x00000000efe00000| Complete 
| 255|0x00000000eff00000, 0x00000000f0000000, 0x00000000f0000000|100%| E|CS|TAMS 0x00000000eff00000| PB 0x00000000eff00000| Complete 

Card table byte_map: [0x00000291414b0000,0x00000291415b0000] _byte_map_base: 0x0000029140db0000

Marking Bits: (CMBitMap*) 0x0000029129c666c0
 Bits: [0x00000291415b0000, 0x0000029141db0000)

Polling page: 0x0000029127b90000

Metaspace:

Usage:
  Non-class:     20.35 MB used.
      Class:      3.37 MB used.
       Both:     23.72 MB used.

Virtual space:
  Non-class space:       64.00 MB reserved,      20.75 MB ( 32%) committed,  1 nodes.
      Class space:      320.00 MB reserved,       3.75 MB (  1%) committed,  1 nodes.
             Both:      384.00 MB reserved,      24.50 MB (  6%) committed. 

Chunk freelists:
   Non-Class:  10.31 MB
       Class:  12.06 MB
        Both:  22.37 MB

MaxMetaspaceSize: 384.00 MB
CompressedClassSpaceSize: 320.00 MB
Initial GC threshold: 21.00 MB
Current GC threshold: 35.31 MB
CDS: on
 - commit_granule_bytes: 65536.
 - commit_granule_words: 8192.
 - virtual_space_node_default_size: 8388608.
 - enlarge_chunks_in_place: 1.
 - use_allocation_guard: 0.


Internal statistics:

num_allocs_failed_limit: 3.
num_arena_births: 1244.
num_arena_deaths: 0.
num_vsnodes_births: 2.
num_vsnodes_deaths: 0.
num_space_committed: 392.
num_space_uncommitted: 0.
num_chunks_returned_to_freelist: 3.
num_chunks_taken_from_freelist: 2243.
num_chunk_merges: 3.
num_chunk_splits: 1449.
num_chunks_enlarged: 922.
num_inconsistent_stats: 0.

CodeHeap 'non-profiled nmethods': size=120000Kb used=1724Kb max_used=1724Kb free=118276Kb
 bounds [0x0000029139b50000, 0x0000029139dc0000, 0x0000029141080000]
CodeHeap 'profiled nmethods': size=120000Kb used=7053Kb max_used=7053Kb free=112946Kb
 bounds [0x0000029132080000, 0x0000029132770000, 0x00000291395b0000]
CodeHeap 'non-nmethods': size=5760Kb used=1694Kb max_used=1714Kb free=4065Kb
 bounds [0x00000291395b0000, 0x0000029139820000, 0x0000029139b50000]
 total_blobs=4030 nmethods=3438 adapters=496
 compilation: enabled
              stopped_count=0, restarted_count=0
 full_count=0

Compilation events (20 events):
Event: 109.870 Thread 0x0000029144867940 3440       3       org.objectweb.asm.MethodWriter::visitInsn (115 bytes)
Event: 109.870 Thread 0x0000029144867940 nmethod 3440 0x000002913275fc90 code [0x000002913275fe80, 0x0000029132760320]
Event: 109.871 Thread 0x0000029144867940 3441       3       org.objectweb.asm.MethodWriter::visitLabel (332 bytes)
Event: 109.873 Thread 0x0000029144867940 nmethod 3441 0x0000029132760490 code [0x0000029132760720, 0x00000291327614c8]
Event: 109.874 Thread 0x0000029144867940 3442       3       org.objectweb.asm.SymbolTable$Entry::<init> (18 bytes)
Event: 109.874 Thread 0x0000029144867940 nmethod 3442 0x0000029132761790 code [0x0000029132761940, 0x0000029132761ac0]
Event: 109.875 Thread 0x0000029144867940 3443       3       org.objectweb.asm.Attribute::computeAttributesSize (62 bytes)
Event: 109.876 Thread 0x0000029144867940 nmethod 3443 0x0000029132761b90 code [0x0000029132761d60, 0x0000029132762078]
Event: 109.876 Thread 0x0000029144867940 3445       3       org.objectweb.asm.ByteVector::putByteArray (49 bytes)
Event: 109.876 Thread 0x0000029144867940 nmethod 3445 0x0000029132762210 code [0x00000291327623e0, 0x00000291327626b8]
Event: 109.876 Thread 0x0000029144867940 3444       3       org.objectweb.asm.AnnotationWriter::computeAnnotationsSize (66 bytes)
Event: 109.877 Thread 0x0000029144867940 nmethod 3444 0x0000029132762810 code [0x0000029132762a00, 0x0000029132762d20]
Event: 109.897 Thread 0x000002914485e3a0 3446       4       java.lang.invoke.InvokerBytecodeGenerator::isStaticallyInvocable (165 bytes)
Event: 109.973 Thread 0x000002914485e3a0 nmethod 3446 0x0000029139cfd990 code [0x0000029139cfdbc0, 0x0000029139cfdfc0]
Event: 109.979 Thread 0x000002914485e3a0 3447       4       jdk.internal.org.objectweb.asm.MethodWriter::visitMethodInsn (191 bytes)
Event: 109.993 Thread 0x000002914485e3a0 nmethod 3447 0x0000029139cfe390 code [0x0000029139cfe5a0, 0x0000029139cfeaf0]
Event: 110.486 Thread 0x0000029144867940 3448       3       java.util.HashMap$ValueSpliterator::characteristics (28 bytes)
Event: 110.486 Thread 0x0000029144867940 nmethod 3448 0x0000029132762f10 code [0x00000291327630c0, 0x0000029132763298]
Event: 110.486 Thread 0x0000029144867940 3449       3       java.util.concurrent.ThreadPoolExecutor::runStateAtLeast (11 bytes)
Event: 110.487 Thread 0x0000029144867940 nmethod 3449 0x0000029132763390 code [0x0000029132763520, 0x0000029132763668]

GC Heap History (6 events):
Event: 44.849 GC heap before
{Heap before GC invocations=0 (full 0):
 garbage-first heap   total 262144K, used 26624K [0x00000000e0000000, 0x0000000100000000)
  region size 1024K, 23 young (23552K), 0 survivors (0K)
 Metaspace       used 2705K, committed 2816K, reserved 393216K
  class space    used 309K, committed 384K, reserved 327680K
}
Event: 45.314 GC heap after
{Heap after GC invocations=1 (full 0):
 garbage-first heap   total 262144K, used 11775K [0x00000000e0000000, 0x0000000100000000)
  region size 1024K, 3 young (3072K), 3 survivors (3072K)
 Metaspace       used 2705K, committed 2816K, reserved 393216K
  class space    used 309K, committed 384K, reserved 327680K
}
Event: 69.375 GC heap before
{Heap before GC invocations=1 (full 0):
 garbage-first heap   total 262144K, used 39423K [0x00000000e0000000, 0x0000000100000000)
  region size 1024K, 31 young (31744K), 3 survivors (3072K)
 Metaspace       used 4705K, committed 4928K, reserved 393216K
  class space    used 591K, committed 704K, reserved 327680K
}
Event: 69.379 GC heap after
{Heap after GC invocations=2 (full 0):
 garbage-first heap   total 262144K, used 12946K [0x00000000e0000000, 0x0000000100000000)
  region size 1024K, 2 young (2048K), 2 survivors (2048K)
 Metaspace       used 4705K, committed 4928K, reserved 393216K
  class space    used 591K, committed 704K, reserved 327680K
}
Event: 107.424 GC heap before
{Heap before GC invocations=2 (full 0):
 garbage-first heap   total 262144K, used 131730K [0x00000000e0000000, 0x0000000100000000)
  region size 1024K, 118 young (120832K), 2 survivors (2048K)
 Metaspace       used 20868K, committed 21504K, reserved 393216K
  class space    used 2886K, committed 3200K, reserved 327680K
}
Event: 107.565 GC heap after
{Heap after GC invocations=3 (full 0):
 garbage-first heap   total 262144K, used 25455K [0x00000000e0000000, 0x0000000100000000)
  region size 1024K, 13 young (13312K), 13 survivors (13312K)
 Metaspace       used 20868K, committed 21504K, reserved 393216K
  class space    used 2886K, committed 3200K, reserved 327680K
}

Dll operation events (15 events):
Event: 0.849 Loaded shared library F:\Dev\jdk-21\bin\java.dll
Event: 2.933 Loaded shared library F:\Dev\jdk-21\bin\jsvml.dll
Event: 2.941 Loaded shared library F:\Dev\jdk-21\bin\zip.dll
Event: 3.182 Loaded shared library F:\Dev\jdk-21\bin\instrument.dll
Event: 3.623 Loaded shared library F:\Dev\jdk-21\bin\net.dll
Event: 3.882 Loaded shared library F:\Dev\jdk-21\bin\nio.dll
Event: 4.075 Loaded shared library F:\Dev\jdk-21\bin\zip.dll
Event: 17.974 Loaded shared library F:\Dev\jdk-21\bin\jimage.dll
Event: 39.498 Loaded shared library F:\Dev\jdk-21\bin\verify.dll
Event: 41.656 Loaded shared library C:\Users\kmdadoo\.gradle\native\660c5614fbf4a5f2a75b1949f50a0caf5cd603558e7d8a26e50b933a0cfb79d1\windows-amd64\native-platform.dll
Event: 41.954 Loaded shared library C:\Users\kmdadoo\.gradle\native\0.2.8\x86_64-windows-gnu\gradle-fileevents.dll
Event: 71.408 Loaded shared library F:\Dev\jdk-21\bin\management.dll
Event: 71.412 Loaded shared library F:\Dev\jdk-21\bin\management_ext.dll
Event: 71.732 Loaded shared library F:\Dev\jdk-21\bin\extnet.dll
Event: 72.293 Loaded shared library F:\Dev\jdk-21\bin\sunmscapi.dll

Deoptimization events (20 events):
Event: 109.278 Thread 0x000002915feb1060 Uncommon trap: trap_request=0xffffff45 fr.pc=0x0000029139cd6cbc relative=0x000000000000011c
Event: 109.278 Thread 0x000002915feb1060 Uncommon trap: reason=unstable_if action=reinterpret pc=0x0000029139cd6cbc method=java.util.Arrays.equals([Ljava/lang/Object;[Ljava/lang/Object;)Z @ 44 c2
Event: 109.278 Thread 0x000002915feb1060 DEOPT PACKING pc=0x0000029139cd6cbc sp=0x000000b9377fb2f0
Event: 109.278 Thread 0x000002915feb1060 DEOPT UNPACKING pc=0x0000029139607da2 sp=0x000000b9377fb290 mode 2
Event: 109.278 Thread 0x000002915feb1060 Uncommon trap: trap_request=0xffffff45 fr.pc=0x0000029139ce9b10 relative=0x00000000000001d0
Event: 109.278 Thread 0x000002915feb1060 Uncommon trap: reason=unstable_if action=reinterpret pc=0x0000029139ce9b10 method=java.util.HashMap.getNode(Ljava/lang/Object;)Ljava/util/HashMap$Node; @ 131 c2
Event: 109.278 Thread 0x000002915feb1060 DEOPT PACKING pc=0x0000029139ce9b10 sp=0x000000b9377fb3b0
Event: 109.278 Thread 0x000002915feb1060 DEOPT UNPACKING pc=0x0000029139607da2 sp=0x000000b9377fb2c0 mode 2
Event: 109.278 Thread 0x000002915feb1060 Uncommon trap: trap_request=0xffffff45 fr.pc=0x0000029139cd2164 relative=0x00000000000008a4
Event: 109.278 Thread 0x000002915feb1060 Uncommon trap: reason=unstable_if action=reinterpret pc=0x0000029139cd2164 method=java.util.HashMap.putVal(ILjava/lang/Object;Ljava/lang/Object;ZZ)Ljava/lang/Object; @ 206 c2
Event: 109.278 Thread 0x000002915feb1060 DEOPT PACKING pc=0x0000029139cd2164 sp=0x000000b9377fb360
Event: 109.278 Thread 0x000002915feb1060 DEOPT UNPACKING pc=0x0000029139607da2 sp=0x000000b9377fb2a0 mode 2
Event: 109.278 Thread 0x000002915feb1060 Uncommon trap: trap_request=0xffffff45 fr.pc=0x0000029139cc8a88 relative=0x00000000000001c8
Event: 109.278 Thread 0x000002915feb1060 Uncommon trap: reason=unstable_if action=reinterpret pc=0x0000029139cc8a88 method=java.util.HashMap.getNode(Ljava/lang/Object;)Ljava/util/HashMap$Node; @ 131 c2
Event: 109.278 Thread 0x000002915feb1060 DEOPT PACKING pc=0x0000029139cc8a88 sp=0x000000b9377fb340
Event: 109.278 Thread 0x000002915feb1060 DEOPT UNPACKING pc=0x0000029139607da2 sp=0x000000b9377fb2c0 mode 2
Event: 109.278 Thread 0x000002915feb1060 Uncommon trap: trap_request=0xffffff45 fr.pc=0x0000029139ccd190 relative=0x0000000000000770
Event: 109.278 Thread 0x000002915feb1060 Uncommon trap: reason=unstable_if action=reinterpret pc=0x0000029139ccd190 method=java.util.HashMap.putVal(ILjava/lang/Object;Ljava/lang/Object;ZZ)Ljava/lang/Object; @ 206 c2
Event: 109.278 Thread 0x000002915feb1060 DEOPT PACKING pc=0x0000029139ccd190 sp=0x000000b9377fb2d0
Event: 109.278 Thread 0x000002915feb1060 DEOPT UNPACKING pc=0x0000029139607da2 sp=0x000000b9377fb298 mode 2

Classes loaded (20 events):
Event: 108.739 Loading class javax/xml/xpath/XPathException done
Event: 108.739 Loading class javax/xml/xpath/XPathExpressionException done
Event: 108.739 Loading class org/xml/sax/ErrorHandler
Event: 108.739 Loading class org/xml/sax/ErrorHandler done
Event: 108.773 Loading class java/nio/file/AtomicMoveNotSupportedException
Event: 108.773 Loading class java/nio/file/AtomicMoveNotSupportedException done
Event: 109.390 Loading class java/lang/management/RuntimeMXBean
Event: 109.390 Loading class java/lang/management/RuntimeMXBean done
Event: 109.400 Loading class java/util/stream/ReduceOps$2
Event: 109.400 Loading class java/util/stream/ReduceOps$2 done
Event: 109.400 Loading class java/util/stream/ReduceOps$2ReducingSink
Event: 109.401 Loading class java/util/stream/ReduceOps$2ReducingSink done
Event: 109.401 Loading class sun/management/RuntimeImpl
Event: 109.401 Loading class sun/management/RuntimeImpl done
Event: 109.898 Loading class java/util/zip/GZIPInputStream
Event: 109.899 Loading class java/util/zip/GZIPInputStream done
Event: 109.899 Loading class java/util/zip/GZIPOutputStream
Event: 109.899 Loading class java/util/zip/DeflaterOutputStream
Event: 109.899 Loading class java/util/zip/DeflaterOutputStream done
Event: 109.899 Loading class java/util/zip/GZIPOutputStream done

Classes unloaded (0 events):
No events

Classes redefined (0 events):
No events

Internal exceptions (20 events):
Event: 106.357 Thread 0x000002915feb1060 Exception <a 'java/lang/NoSuchMethodError'{0x00000000e9015e20}: 'java.lang.Object java.lang.invoke.DirectMethodHandle$Holder.newInvokeSpecial(java.lang.Object, java.lang.Object, java.lang.Object, java.lang.Object, java.lang.Object, java.lang.Object, java.lang.Object, java.lang.Object, java.lang.Object, java.lang.Object)'> (0x00000000e9015e20) 
thrown [s\open\src\hotspot\share\interpreter\linkResolver.cpp, line 773]
Event: 106.669 Thread 0x000002915feb1060 Exception <a 'java/lang/NoSuchMethodError'{0x00000000e90f8028}: 'java.lang.Object java.lang.invoke.DirectMethodHandle$Holder.newInvokeSpecial(java.lang.Object, java.lang.Object, java.lang.Object, java.lang.Object, java.lang.Object, java.lang.Object, java.lang.Object)'> (0x00000000e90f8028) 
thrown [s\open\src\hotspot\share\interpreter\linkResolver.cpp, line 773]
Event: 106.988 Thread 0x000002915feb1060 Exception <a 'java/lang/NoSuchMethodError'{0x00000000e8ea8e28}: 'int java.lang.invoke.DirectMethodHandle$Holder.invokeStaticInit(java.lang.Object, java.lang.Object, java.lang.Object)'> (0x00000000e8ea8e28) 
thrown [s\open\src\hotspot\share\interpreter\linkResolver.cpp, line 773]
Event: 107.243 Thread 0x000002915feb1060 Exception <a 'java/lang/NoSuchMethodError'{0x00000000e8c7c3c8}: 'java.lang.Object java.lang.invoke.DirectMethodHandle$Holder.invokeVirtual(java.lang.Object, java.lang.Object, java.lang.Object, java.lang.Object, java.lang.Object, java.lang.Object, java.lang.Object, java.lang.Object, java.lang.Object, java.lang.Object, java.lang.Object)'> (0x00000000e8c7c3c8) 
thrown [s\open\src\hotspot\share\interpreter\linkResolver.cpp, line 773]
Event: 107.336 Thread 0x000002915feb1060 Exception <a 'java/lang/NoSuchMethodError'{0x00000000e8b24ae0}: 'java.lang.Object java.lang.invoke.DelegatingMethodHandle$Holder.reinvoke_L(java.lang.Object, java.lang.Object, java.lang.Object, java.lang.Object, java.lang.Object, java.lang.Object, java.lang.Object, java.lang.Object, java.lang.Object, java.lang.Object, java.lang.Object, java.lang.Object, java.lang.Object, java.lang.Object, java.lang.Object, java.lang.Object, java.lang.Object, java.lang.Object, java.lang.Object, java.lang.Object, java.lang.O
Event: 107.366 Thread 0x000002915feb1060 Exception <a 'java/lang/NoSuchMethodError'{0x00000000e8bba7a0}: 'java.lang.Object java.lang.invoke.DirectMethodHandle$Holder.invokeStatic(java.lang.Object, java.lang.Object, java.lang.Object, java.lang.Object, java.lang.Object, java.lang.Object, java.lang.Object, java.lang.Object, java.lang.Object, java.lang.Object, java.lang.Object, java.lang.Object, java.lang.Object, java.lang.Object, java.lang.Object, java.lang.Object, java.lang.Object, java.lang.Object, java.lang.Object, java.lang.Object, java.lang.Obj
Event: 107.388 Thread 0x000002915feb1060 Exception <a 'java/lang/NoSuchMethodError'{0x00000000e8be8318}: 'java.lang.Object java.lang.invoke.DirectMethodHandle$Holder.invokeStatic(java.lang.Object, java.lang.Object, java.lang.Object, java.lang.Object, java.lang.Object, java.lang.Object, java.lang.Object, java.lang.Object, java.lang.Object, java.lang.Object, java.lang.Object, java.lang.Object, java.lang.Object, java.lang.Object, java.lang.Object, java.lang.Object, java.lang.Object, java.lang.Object, java.lang.Object, java.lang.Object, java.lang.Obj
Event: 107.410 Thread 0x000002915feb1060 Exception <a 'java/lang/NoSuchMethodError'{0x00000000e8a17948}: 'java.lang.Object java.lang.invoke.DirectMethodHandle$Holder.invokeStatic(java.lang.Object, java.lang.Object, java.lang.Object, java.lang.Object, java.lang.Object, java.lang.Object, java.lang.Object, java.lang.Object, java.lang.Object, java.lang.Object, java.lang.Object, java.lang.Object, java.lang.Object, java.lang.Object, java.lang.Object, java.lang.Object, java.lang.Object, java.lang.Object, java.lang.Object, java.lang.Object, java.lang.Obj
Event: 107.419 Thread 0x000002915feb1060 Exception <a 'java/lang/NoSuchMethodError'{0x00000000e8a47828}: 'java.lang.Object java.lang.invoke.DirectMethodHandle$Holder.invokeStatic(java.lang.Object, java.lang.Object, java.lang.Object, java.lang.Object, java.lang.Object, java.lang.Object, java.lang.Object, java.lang.Object, java.lang.Object, java.lang.Object, java.lang.Object, java.lang.Object, java.lang.Object, java.lang.Object, java.lang.Object, java.lang.Object, java.lang.Object, java.lang.Object, java.lang.Object, java.lang.Object, java.lang.Obj
Event: 107.423 Thread 0x000002915feb1060 Exception <a 'java/lang/NoSuchMethodError'{0x00000000e8a78980}: 'java.lang.Object java.lang.invoke.DirectMethodHandle$Holder.invokeStatic(java.lang.Object, java.lang.Object, java.lang.Object, java.lang.Object, java.lang.Object, java.lang.Object, java.lang.Object, java.lang.Object, java.lang.Object, java.lang.Object, java.lang.Object, java.lang.Object, java.lang.Object, java.lang.Object, java.lang.Object, java.lang.Object, java.lang.Object, java.lang.Object, java.lang.Object, java.lang.Object, java.lang.Obj
Event: 107.577 Thread 0x000002915feb1060 Exception <a 'java/lang/NoSuchMethodError'{0x00000000eff66b08}: 'java.lang.Object java.lang.invoke.DirectMethodHandle$Holder.invokeStatic(java.lang.Object, java.lang.Object, java.lang.Object, java.lang.Object, java.lang.Object, java.lang.Object, java.lang.Object, java.lang.Object, java.lang.Object, java.lang.Object, java.lang.Object, java.lang.Object, java.lang.Object, java.lang.Object, java.lang.Object, java.lang.Object, java.lang.Object, java.lang.Object, java.lang.Object, java.lang.Object, java.lang.Obj
Event: 107.581 Thread 0x000002915feb1060 Exception <a 'java/lang/NoSuchMethodError'{0x00000000eff99358}: 'java.lang.Object java.lang.invoke.DirectMethodHandle$Holder.invokeStatic(java.lang.Object, java.lang.Object, java.lang.Object, java.lang.Object, java.lang.Object, java.lang.Object, java.lang.Object, java.lang.Object, java.lang.Object, java.lang.Object, java.lang.Object, java.lang.Object, java.lang.Object, java.lang.Object, java.lang.Object, java.lang.Object, java.lang.Object, java.lang.Object, java.lang.Object, java.lang.Object, java.lang.Obj
Event: 107.590 Thread 0x000002915feb1060 Exception <a 'java/lang/NoSuchMethodError'{0x00000000efe4dc18}: 'java.lang.Object java.lang.invoke.DirectMethodHandle$Holder.invokeStatic(java.lang.Object, java.lang.Object, java.lang.Object, java.lang.Object, java.lang.Object, java.lang.Object, java.lang.Object, java.lang.Object, java.lang.Object, java.lang.Object, java.lang.Object, java.lang.Object, java.lang.Object, java.lang.Object, java.lang.Object, java.lang.Object, java.lang.Object, java.lang.Object, java.lang.Object, java.lang.Object, java.lang.Obj
Event: 107.663 Thread 0x000002915feb1060 Exception <a 'java/lang/NoSuchMethodError'{0x00000000efe99290}: 'int java.lang.invoke.DirectMethodHandle$Holder.invokeStatic(java.lang.Object, java.lang.Object, java.lang.Object, java.lang.Object)'> (0x00000000efe99290) 
thrown [s\open\src\hotspot\share\interpreter\linkResolver.cpp, line 773]
Event: 107.784 Thread 0x000002915feb1060 Exception <a 'java/lang/IncompatibleClassChangeError'{0x00000000efd40438}: Found class java.lang.Object, but interface was expected> (0x00000000efd40438) 
thrown [s\open\src\hotspot\share\interpreter\linkResolver.cpp, line 840]
Event: 107.933 Thread 0x000002915feb1060 Exception <a 'java/lang/NoSuchMethodError'{0x00000000efbabc98}: 'void java.lang.invoke.DirectMethodHandle$Holder.invokeVirtual(java.lang.Object, java.lang.Object, java.lang.Object, java.lang.Object, java.lang.Object)'> (0x00000000efbabc98) 
thrown [s\open\src\hotspot\share\interpreter\linkResolver.cpp, line 773]
Event: 108.460 Thread 0x000002915feb1060 Exception <a 'java/lang/NoSuchMethodError'{0x00000000ef43c390}: 'java.lang.Object java.lang.invoke.DirectMethodHandle$Holder.invokeVirtual(java.lang.Object, java.lang.Object, java.lang.Object, java.lang.Object, java.lang.Object, java.lang.Object, java.lang.Object, java.lang.Object, java.lang.Object, java.lang.Object, java.lang.Object, java.lang.Object, java.lang.Object, java.lang.Object, java.lang.Object, java.lang.Object, java.lang.Object, java.lang.Object, java.lang.Object, java.lang.Object, java.lang.Ob
Event: 109.218 Thread 0x000002915feb1060 Exception <a 'java/lang/NoSuchMethodError'{0x00000000eee601d8}: 'void java.lang.invoke.DirectMethodHandle$Holder.invokeVirtual(java.lang.Object, java.lang.Object, java.lang.Object, java.lang.Object, java.lang.Object, java.lang.Object)'> (0x00000000eee601d8) 
thrown [s\open\src\hotspot\share\interpreter\linkResolver.cpp, line 773]
Event: 109.218 Thread 0x000002915feb1060 Exception <a 'java/lang/NoSuchMethodError'{0x00000000eee64300}: 'void java.lang.invoke.DelegatingMethodHandle$Holder.reinvoke_L(java.lang.Object, java.lang.Object, java.lang.Object, java.lang.Object, java.lang.Object, java.lang.Object)'> (0x00000000eee64300) 
thrown [s\open\src\hotspot\share\interpreter\linkResolver.cpp, line 773]
Event: 109.402 Thread 0x000002915feb1060 Exception <a 'java/lang/NoSuchMethodError'{0x00000000eea09ed8}: 'int java.lang.invoke.DirectMethodHandle$Holder.invokeStaticInit(java.lang.Object, java.lang.Object)'> (0x00000000eea09ed8) 
thrown [s\open\src\hotspot\share\interpreter\linkResolver.cpp, line 773]

ZGC Phase Switch (0 events):
No events

VM Operations (20 events):
Event: 102.038 Executing VM operation: Cleanup done
Event: 104.058 Executing VM operation: Cleanup
Event: 104.077 Executing VM operation: Cleanup done
Event: 105.079 Executing VM operation: Cleanup
Event: 105.159 Executing VM operation: Cleanup done
Event: 106.162 Executing VM operation: Cleanup
Event: 106.162 Executing VM operation: Cleanup done
Event: 107.168 Executing VM operation: Cleanup
Event: 107.168 Executing VM operation: Cleanup done
Event: 107.424 Executing VM operation: CollectForMetadataAllocation (Metadata GC Threshold)
Event: 107.565 Executing VM operation: CollectForMetadataAllocation (Metadata GC Threshold) done
Event: 107.615 Executing VM operation: G1PauseRemark
Event: 107.653 Executing VM operation: G1PauseRemark done
Event: 107.655 Executing VM operation: G1PauseCleanup
Event: 107.655 Executing VM operation: G1PauseCleanup done
Event: 108.668 Executing VM operation: Cleanup
Event: 108.685 Executing VM operation: Cleanup done
Event: 109.698 Executing VM operation: Cleanup
Event: 109.740 Executing VM operation: Cleanup done
Event: 110.749 Executing VM operation: Cleanup

Events (20 events):
Event: 74.595 Thread 0x000002915ee6f460 Thread exited: 0x000002915ee6f460
Event: 74.597 Thread 0x000002915ea9e270 Thread added: 0x000002915ea9e270
Event: 74.600 Thread 0x000002915ea9c1a0 Thread added: 0x000002915ea9c1a0
Event: 74.615 Thread 0x000002915ea9e900 Thread added: 0x000002915ea9e900
Event: 74.617 Thread 0x000002915ea9e270 Thread exited: 0x000002915ea9e270
Event: 74.646 Thread 0x000002915ea9dbe0 Thread exited: 0x000002915ea9dbe0
Event: 74.654 Thread 0x000002915ea9b480 Thread added: 0x000002915ea9b480
Event: 74.654 Thread 0x000002915ea9ef90 Thread added: 0x000002915ea9ef90
Event: 74.658 Thread 0x000002915ea9d550 Thread exited: 0x000002915ea9d550
Event: 74.658 Thread 0x000002915ee6d390 Thread exited: 0x000002915ee6d390
Event: 74.679 Thread 0x000002915ea9e270 Thread added: 0x000002915ea9e270
Event: 74.683 Thread 0x000002915ea9bb10 Thread added: 0x000002915ea9bb10
Event: 74.698 Thread 0x000002915ea9f620 Thread added: 0x000002915ea9f620
Event: 74.702 Thread 0x000002915ea9bb10 Thread exited: 0x000002915ea9bb10
Event: 74.709 Thread 0x000002915ea9e900 Thread exited: 0x000002915ea9e900
Event: 74.712 Thread 0x000002915ea9b480 Thread exited: 0x000002915ea9b480
Event: 74.712 Thread 0x000002915ea9f620 Thread exited: 0x000002915ea9f620
Event: 84.419 Thread 0x000002915ea9d550 Thread added: 0x000002915ea9d550
Event: 85.008 Thread 0x000002915ea9dbe0 Thread added: 0x000002915ea9dbe0
Event: 90.471 Thread 0x000002915ea9bb10 Thread added: 0x000002915ea9bb10


Dynamic libraries:
0x00007ff634900000 - 0x00007ff63490e000 	F:\Dev\jdk-21\bin\java.exe
0x00007ff8e1200000 - 0x00007ff8e1466000 	C:\WINDOWS\SYSTEM32\ntdll.dll
0x00007ff8e0a00000 - 0x00007ff8e0ac9000 	C:\WINDOWS\System32\KERNEL32.DLL
0x00007ff8de9c0000 - 0x00007ff8dedbf000 	C:\WINDOWS\System32\KERNELBASE.dll
0x00007ff8dedd0000 - 0x00007ff8def1c000 	C:\WINDOWS\System32\ucrtbase.dll
0x00007ff86ffd0000 - 0x00007ff86ffe8000 	F:\Dev\jdk-21\bin\jli.dll
0x00007ff8e0f40000 - 0x00007ff8e1106000 	C:\WINDOWS\System32\USER32.dll
0x00007ff8de4d0000 - 0x00007ff8de4f7000 	C:\WINDOWS\System32\win32u.dll
0x00007ff8e0d70000 - 0x00007ff8e0d9b000 	C:\WINDOWS\System32\GDI32.dll
0x00007ff8de640000 - 0x00007ff8de769000 	C:\WINDOWS\System32\gdi32full.dll
0x00007ff8de590000 - 0x00007ff8de633000 	C:\WINDOWS\System32\msvcp_win.dll
0x00007ff86f6a0000 - 0x00007ff86f6bb000 	F:\Dev\jdk-21\bin\VCRUNTIME140.dll
0x00007ff8c7c50000 - 0x00007ff8c7ee1000 	C:\WINDOWS\WinSxS\amd64_microsoft.windows.common-controls_6595b64144ccf1df_6.0.26100.8972_none_3e0da176e32f9d4b\COMCTL32.dll
0x00007ff8e1110000 - 0x00007ff8e11b9000 	C:\WINDOWS\System32\msvcrt.dll
0x00007ff8e0d30000 - 0x00007ff8e0d62000 	C:\WINDOWS\System32\IMM32.DLL
0x00007ff8d8850000 - 0x00007ff8d885c000 	F:\Dev\jdk-21\bin\vcruntime140_1.dll
0x00007ff803e30000 - 0x00007ff803ebe000 	F:\Dev\jdk-21\bin\msvcp140.dll
0x00007ff803110000 - 0x00007ff803e23000 	F:\Dev\jdk-21\bin\server\jvm.dll
0x00007ff8df4a0000 - 0x00007ff8df55c000 	C:\WINDOWS\System32\ADVAPI32.dll
0x00007ff8e00f0000 - 0x00007ff8e019a000 	C:\WINDOWS\System32\sechost.dll
0x00007ff8dffd0000 - 0x00007ff8e00e8000 	C:\WINDOWS\System32\RPCRT4.dll
0x00007ff8df410000 - 0x00007ff8df492000 	C:\WINDOWS\System32\WS2_32.dll
0x00007ff8de270000 - 0x00007ff8de2ce000 	C:\WINDOWS\SYSTEM32\POWRPROF.dll
0x00007ff8c7ef0000 - 0x00007ff8c7f26000 	C:\WINDOWS\SYSTEM32\WINMM.dll
0x00007ff8d3a30000 - 0x00007ff8d3a3b000 	C:\WINDOWS\SYSTEM32\VERSION.dll
0x00007ff8de250000 - 0x00007ff8de265000 	C:\WINDOWS\SYSTEM32\UMPDC.dll
0x00007ff8dd100000 - 0x00007ff8dd11b000 	C:\WINDOWS\SYSTEM32\kernel.appcore.dll
0x00007ff8d8800000 - 0x00007ff8d880a000 	F:\Dev\jdk-21\bin\jimage.dll
0x00007ff8db960000 - 0x00007ff8dbba2000 	C:\WINDOWS\SYSTEM32\DBGHELP.DLL
0x00007ff8defc0000 - 0x00007ff8df345000 	C:\WINDOWS\System32\combase.dll
0x00007ff8e07c0000 - 0x00007ff8e0899000 	C:\WINDOWS\System32\OLEAUT32.dll
0x00007ff8bfa50000 - 0x00007ff8bfa8b000 	C:\WINDOWS\SYSTEM32\dbgcore.DLL
0x00007ff8de410000 - 0x00007ff8de4bc000 	C:\WINDOWS\System32\bcryptPrimitives.dll
0x00007ff8d7a80000 - 0x00007ff8d7a8f000 	F:\Dev\jdk-21\bin\instrument.dll
0x00007ff86f3c0000 - 0x00007ff86f3df000 	F:\Dev\jdk-21\bin\java.dll
0x00007ff8df5c0000 - 0x00007ff8dfd48000 	C:\WINDOWS\System32\SHELL32.dll
0x00007ff8dbea0000 - 0x00007ff8dc73b000 	C:\WINDOWS\SYSTEM32\windows.storage.dll
0x00007ff8e0230000 - 0x00007ff8e0329000 	C:\WINDOWS\System32\SHCORE.dll
0x00007ff8def40000 - 0x00007ff8defa6000 	C:\WINDOWS\System32\shlwapi.dll
0x00007ff8de330000 - 0x00007ff8de359000 	C:\WINDOWS\SYSTEM32\profapi.dll
0x00007ff803030000 - 0x00007ff803107000 	F:\Dev\jdk-21\bin\jsvml.dll
0x00007ff86cf90000 - 0x00007ff86cfa8000 	F:\Dev\jdk-21\bin\zip.dll
0x00007ff8d5310000 - 0x00007ff8d5320000 	F:\Dev\jdk-21\bin\net.dll
0x00007ff8d3df0000 - 0x00007ff8d3f18000 	C:\WINDOWS\SYSTEM32\WINHTTP.dll
0x00007ff8dd6b0000 - 0x00007ff8dd71c000 	C:\WINDOWS\system32\mswsock.dll
0x00007ff86a3b0000 - 0x00007ff86a3c6000 	F:\Dev\jdk-21\bin\nio.dll
0x00007ff8d2af0000 - 0x00007ff8d2b00000 	F:\Dev\jdk-21\bin\verify.dll
0x00007ff8ca6c0000 - 0x00007ff8ca6e7000 	C:\Users\kmdadoo\.gradle\native\660c5614fbf4a5f2a75b1949f50a0caf5cd603558e7d8a26e50b933a0cfb79d1\windows-amd64\native-platform.dll
0x00007ff86fe60000 - 0x00007ff86fed7000 	C:\Users\kmdadoo\.gradle\native\0.2.8\x86_64-windows-gnu\gradle-fileevents.dll
0x00007ff8d2b10000 - 0x00007ff8d2b1a000 	F:\Dev\jdk-21\bin\management.dll
0x00007ff8d2b00000 - 0x00007ff8d2b0b000 	F:\Dev\jdk-21\bin\management_ext.dll
0x00007ff8def30000 - 0x00007ff8def38000 	C:\WINDOWS\System32\PSAPI.DLL
0x00007ff8dcae0000 - 0x00007ff8dcb13000 	C:\WINDOWS\SYSTEM32\IPHLPAPI.DLL
0x00007ff8defb0000 - 0x00007ff8defba000 	C:\WINDOWS\System32\NSI.dll
0x00007ff8ccb20000 - 0x00007ff8ccb27000 	F:\Dev\jdk-21\bin\extnet.dll
0x00007ff8dd9a0000 - 0x00007ff8dd9bb000 	C:\WINDOWS\SYSTEM32\CRYPTSP.dll
0x00007ff8dd060000 - 0x00007ff8dd099000 	C:\WINDOWS\system32\rsaenh.dll
0x00007ff8dd760000 - 0x00007ff8dd792000 	C:\WINDOWS\SYSTEM32\USERENV.dll
0x00007ff8de300000 - 0x00007ff8de32a000 	C:\WINDOWS\SYSTEM32\bcrypt.dll
0x00007ff8dd9c0000 - 0x00007ff8dd9cc000 	C:\WINDOWS\SYSTEM32\CRYPTBASE.dll
0x00007ff8ccb70000 - 0x00007ff8ccb7e000 	F:\Dev\jdk-21\bin\sunmscapi.dll
0x00007ff8de770000 - 0x00007ff8de8ee000 	C:\WINDOWS\System32\CRYPT32.dll
0x00007ff8ddbe0000 - 0x00007ff8ddc10000 	C:\WINDOWS\SYSTEM32\ncrypt.dll
0x00007ff8ddb90000 - 0x00007ff8ddbcf000 	C:\WINDOWS\SYSTEM32\NTASN1.dll
0x00007ff86ff00000 - 0x00007ff86ff08000 	C:\WINDOWS\system32\wshunix.dll

dbghelp: loaded successfully - version: 4.0.5 - missing functions: none
symbol engine: initialized successfully - sym options: 0x614 - pdb path: .;F:\Dev\jdk-21\bin;C:\WINDOWS\SYSTEM32;C:\WINDOWS\WinSxS\amd64_microsoft.windows.common-controls_6595b64144ccf1df_6.0.26100.8972_none_3e0da176e32f9d4b;F:\Dev\jdk-21\bin\server;C:\Users\kmdadoo\.gradle\native\660c5614fbf4a5f2a75b1949f50a0caf5cd603558e7d8a26e50b933a0cfb79d1\windows-amd64;C:\Users\kmdadoo\.gradle\native\0.2.8\x86_64-windows-gnu

VM Arguments:
jvm_args: --add-opens=java.base/java.lang=ALL-UNNAMED --add-opens=java.base/java.lang.invoke=ALL-UNNAMED --add-opens=java.base/java.util=ALL-UNNAMED --add-opens=java.prefs/java.util.prefs=ALL-UNNAMED --add-exports=jdk.compiler/com.sun.tools.javac.api=ALL-UNNAMED --add-exports=jdk.compiler/com.sun.tools.javac.util=ALL-UNNAMED --add-opens=java.base/java.nio.charset=ALL-UNNAMED --add-opens=java.base/java.net=ALL-UNNAMED --add-opens=java.base/java.util.concurrent=ALL-UNNAMED --add-opens=java.base/java.util.concurrent.atomic=ALL-UNNAMED --add-opens=java.xml/javax.xml.namespace=ALL-UNNAMED --add-opens=java.base/java.time=ALL-UNNAMED -XX:MaxMetaspaceSize=384m -XX:+HeapDumpOnOutOfMemoryError -Xms256m -Xmx512m -Dfile.encoding=UTF-8 -Duser.country=KR -Duser.language=ko -Duser.variant -javaagent:C:\Users\kmdadoo\.gradle\wrapper\dists\gradle-9.7.1-bin\1w1c7tv4s851m17nbqdsro2tv\gradle-9.7.1\lib\agents\gradle-instrumentation-agent-9.7.1.jar 
java_command: org.gradle.launcher.daemon.bootstrap.GradleDaemon 9.7.1
java_class_path (initial): C:\Users\kmdadoo\.gradle\wrapper\dists\gradle-9.7.1-bin\1w1c7tv4s851m17nbqdsro2tv\gradle-9.7.1\lib\gradle-daemon-main-9.7.1.jar
Launcher Type: SUN_STANDARD

[Global flags]
     intx CICompilerCount                          = 4                                         {product} {ergonomic}
   size_t CompressedClassSpaceSize                 = 335544320                                 {product} {ergonomic}
     uint ConcGCThreads                            = 2                                         {product} {ergonomic}
     uint G1ConcRefinementThreads                  = 8                                         {product} {ergonomic}
   size_t G1HeapRegionSize                         = 1048576                                   {product} {ergonomic}
    uintx GCDrainStackTargetSize                   = 64                                        {product} {ergonomic}
     bool HeapDumpOnOutOfMemoryError               = true                                   {manageable} {command line}
   size_t InitialHeapSize                          = 268435456                                 {product} {command line}
   size_t MarkStackSize                            = 4194304                                   {product} {ergonomic}
   size_t MaxHeapSize                              = 536870912                                 {product} {command line}
   size_t MaxMetaspaceSize                         = 402653184                                 {product} {command line}
   size_t MaxNewSize                               = 321912832                                 {product} {ergonomic}
   size_t MinHeapDeltaBytes                        = 1048576                                   {product} {ergonomic}
   size_t MinHeapSize                              = 268435456                                 {product} {command line}
    uintx NonNMethodCodeHeapSize                   = 5839372                                {pd product} {ergonomic}
    uintx NonProfiledCodeHeapSize                  = 122909434                              {pd product} {ergonomic}
    uintx ProfiledCodeHeapSize                     = 122909434                              {pd product} {ergonomic}
    uintx ReservedCodeCacheSize                    = 251658240                              {pd product} {ergonomic}
     bool SegmentedCodeCache                       = true                                      {product} {ergonomic}
   size_t SoftMaxHeapSize                          = 536870912                              {manageable} {ergonomic}
     bool UseCompressedOops                        = true                           {product lp64_product} {ergonomic}
     bool UseG1GC                                  = true                                      {product} {ergonomic}
     bool UseLargePagesIndividualAllocation        = false                                  {pd product} {ergonomic}

Logging:
Log output configuration:
 #0: stdout all=warning uptime,level,tags foldmultilines=false
 #1: stderr all=off uptime,level,tags foldmultilines=false

Environment Variables:
JAVA_HOME=F:\Dev\jdk-21
PATH=F:\Dev\product\21c\dbhomeXE\bin;C:\WINDOWS\system32;C:\WINDOWS;C:\WINDOWS\System32\Wbem;C:\WINDOWS\System32\WindowsPowerShell\v1.0\;C:\WINDOWS\System32\OpenSSH\;C:\Program Files\Bandizip\;C:\Program Files\Calibre2\;F:\Dev\Git\cmd;F:\Dev\nodejs\;C:\Program Files\Docker\Docker\resources\bin;F:\De\PuTTY\;C:\Program Files (x86)\Windows Kits\10\Windows Performance Toolkit\;C:\Users\kmdadoo\AppData\Local\Programs\Python\Launcher\;C:\Users\kmdadoo\.local\bin;F:\Dev\jdk-21\bin;F:\Dev\flutter\bin;C:\Users\kmdadoo\AppData\Local\Microsoft\WindowsApps;F:\Dev\Microsoft VS Code\bin;C:\Users\kmdadoo\AppData\Local\Programs\Ollama;F:\Dev\Tesseract-OCR;C:\Users\kmdadoo\AppData\Roaming\npm;F:\Dev\nodejs;F:\Dev\MongoDB\Server\8.3\bin;F:\Dev\cursor\resources\app\bin;
USERNAME=kmdadoo
OS=Windows_NT
PROCESSOR_IDENTIFIER=Intel64 Family 6 Model 140 Stepping 1, GenuineIntel
TMP=C:\Users\kmdadoo\AppData\Local\Temp
TEMP=C:\Users\kmdadoo\AppData\Local\Temp




---------------  S Y S T E M  ---------------

OS:
 Windows 11 , 64 bit Build 26100 (10.0.26100.9168)
OS uptime: 0 days 1:01 hours
Hyper-V role detected

CPU: total 8 (initial active 8) (4 cores per cpu, 2 threads per core) family 6 model 140 stepping 1 microcode 0x8a, cx8, cmov, fxsr, ht, mmx, 3dnowpref, sse, sse2, sse3, ssse3, sse4.1, sse4.2, popcnt, lzcnt, tsc, tscinvbit, avx, avx2, aes, erms, clmul, bmi1, bmi2, adx, avx512f, avx512dq, avx512cd, avx512bw, avx512vl, sha, fma, vzeroupper, avx512_vpopcntdq, avx512_vpclmulqdq, avx512_vaes, avx512_vnni, clflush, clflushopt, clwb, avx512_vbmi2, avx512_vbmi, hv, rdtscp, rdpid, fsrm, gfni, avx512_bitalg, f16c, cet_ibt, cet_ss, avx512_ifma
Processor Information for all 8 processors :
  Max Mhz: 2419, Current Mhz: 2419, Mhz Limit: 2419

Memory: 4k page, system-wide physical 16107M (2459M free)
TotalPageFile size 45731M (AvailPageFile size 2M)
current process WorkingSet (physical memory assigned to process): 244M, peak: 244M
current process commit charge ("private bytes"): 424M, peak: 424M

vm_info: OpenJDK 64-Bit Server VM (21+35-2513) for windows-amd64 JRE (21+35-2513), built on 2023-08-09T20:25:10Z by "mach5one" with MS VC++ 17.1 (VS2022)

END.
